game_id	home_team_id	away_team_id	date	neutral_site	game_link
east-carolina-nc-state	0	196	12/01/2018	0	http://www.ncaa.com/game/football/fbs/2018/12/01/east-carolina-nc-state#boxscore
west-virginia-texas-tech	700	0	09/29/2018	0	http://www.ncaa.com/game/football/fbs/2018/09/29/west-virginia-texas-tech#boxscore
army-west-point-eastern-mich	204	0	10/27/2018	0	http://www.ncaa.com/game/football/fbs/2018/10/27/army-west-point-eastern-mich#boxscore
alabama-lsu	365	0	11/03/2018	0	http://www.ncaa.com/game/football/fbs/2018/11/03/alabama-lsu#boxscore
fresno-st-boise-st	0	96	12/01/2018	0	http://www.ncaa.com/game/football/fbs/2018/12/01/fresno-st-boise-st#boxscore
boise-st-air-force	721	0	10/27/2018	0	http://www.ncaa.com/game/football/fbs/2018/10/27/boise-st-air-force#boxscore
nevada-unlv	0	466	11/24/2018	0	http://www.ncaa.com/game/football/fbs/2018/11/24/nevada-unlv#boxscore
buffalo-central-mich	0	86	10/06/2018	0	http://www.ncaa.com/game/football/fbs/2018/10/06/buffalo-central-mich#boxscore
texas-maryland	0	392	09/01/2018	1	http://www.ncaa.com/game/football/fbs/2018/09/01/texas-maryland#boxscore
temple-boston-college	67	0	09/29/2018	0	http://www.ncaa.com/game/football/fbs/2018/09/29/temple-boston-college#boxscore
texas-southern-texas-st	670	0	09/08/2018	0	http://www.ncaa.com/game/football/fbs/2018/09/08/texas-southern-texas-st#boxscore
western-ky-middle-tenn	0	772	11/02/2018	0	http://www.ncaa.com/game/football/fbs/2018/11/02/western-ky-middle-tenn#boxscore
oregon-arizona	0	529	10/27/2018	0	http://www.ncaa.com/game/football/fbs/2018/10/27/oregon-arizona#boxscore
penn-st-indiana	306	0	10/20/2018	0	http://www.ncaa.com/game/football/fbs/2018/10/20/penn-st-indiana#boxscore
uconn-east-carolina	0	164	11/17/2018	0	http://www.ncaa.com/game/football/fbs/2018/11/17/uconn-east-carolina#boxscore
boise-st-troy	0	66	09/01/2018	0	http://www.ncaa.com/game/football/fbs/2018/09/01/boise-st-troy#boxscore
tulsa-houston	0	719	10/04/2018	0	http://www.ncaa.com/game/football/fbs/2018/10/04/tulsa-houston#boxscore
mississippi-st-kentucky	334	0	09/22/2018	0	http://www.ncaa.com/game/football/fbs/2018/09/22/mississippi-st-kentucky#boxscore
virginia-georgia-tech	0	746	11/17/2018	0	http://www.ncaa.com/game/football/fbs/2018/11/17/virginia-georgia-tech#boxscore
la-monroe-texas-am	697	0	09/15/2018	0	http://www.ncaa.com/game/football/fbs/2018/09/15/la-monroe-texas-am#boxscore
louisiana-tech-southern-miss	0	366	11/17/2018	0	http://www.ncaa.com/game/football/fbs/2018/11/17/louisiana-tech-southern-miss#boxscore
north-texas-uab	9	0	10/20/2018	0	http://www.ncaa.com/game/football/fbs/2018/10/20/north-texas-uab#boxscore
nc-at-east-carolina	196	0	09/02/2018	0	http://www.ncaa.com/game/football/fbs/2018/09/02/nc-at-east-carolina#boxscore
miami-fl-virginia	746	0	10/13/2018	0	http://www.ncaa.com/game/football/fbs/2018/10/13/miami-fl-virginia#boxscore
oregon-st-arizona-st	0	528	09/29/2018	0	http://www.ncaa.com/game/football/fbs/2018/09/29/oregon-st-arizona-st#boxscore
tulsa-temple	0	719	09/20/2018	0	http://www.ncaa.com/game/football/fbs/2018/09/20/tulsa-temple#boxscore
auburn-alabama	0	37	11/24/2018	0	http://www.ncaa.com/game/football/fbs/2018/11/24/auburn-alabama#boxscore
arkansas-mississippi-st	430	0	11/17/2018	0	http://www.ncaa.com/game/football/fbs/2018/11/17/arkansas-mississippi-st#boxscore
washington-oregon	0	756	10/13/2018	0	http://www.ncaa.com/game/football/fbs/2018/10/13/washington-oregon#boxscore
smu-tulane	718	0	10/20/2018	0	http://www.ncaa.com/game/football/fbs/2018/10/20/smu-tulane#boxscore
arkansas-st-ga-southern	253	0	09/29/2018	0	http://www.ncaa.com/game/football/fbs/2018/09/29/arkansas-st-ga-southern#boxscore
maine-central-mich	129	0	09/22/2018	0	http://www.ncaa.com/game/football/fbs/2018/09/22/maine-central-mich#boxscore
nebraska-ohio-st	0	463	11/03/2018	0	http://www.ncaa.com/game/football/fbs/2018/11/03/nebraska-ohio-st#boxscore
middle-tenn-kentucky	334	0	11/17/2018	0	http://www.ncaa.com/game/football/fbs/2018/11/17/middle-tenn-kentucky#boxscore
virginia-tech-duke	0	742	09/29/2018	0	http://www.ncaa.com/game/football/fbs/2018/09/29/virginia-tech-duke#boxscore
old-dominion-liberty	355	0	09/01/2018	0	http://www.ncaa.com/game/football/fbs/2018/09/01/old-dominion-liberty#boxscore
utsa-rice	574	0	10/06/2018	0	http://www.ncaa.com/game/football/fbs/2018/10/06/utsa-rice#boxscore
eastern-mich-western-mich	0	204	10/06/2018	0	http://www.ncaa.com/game/football/fbs/2018/10/06/eastern-mich-western-mich#boxscore
oregon-oregon-st	0	529	11/23/2018	0	http://www.ncaa.com/game/football/fbs/2018/11/23/oregon-oregon-st#boxscore
boise-st-oklahoma-st	0	66	09/15/2018	0	http://www.ncaa.com/game/football/fbs/2018/09/15/boise-st-oklahoma-st#boxscore
wisconsin-michigan	0	796	10/13/2018	0	http://www.ncaa.com/game/football/fbs/2018/10/13/wisconsin-michigan#boxscore
byu-massachusetts	0	77	11/10/2018	0	http://www.ncaa.com/game/football/fbs/2018/11/10/byu-massachusetts#boxscore
michigan-ohio-st	518	0	11/24/2018	0	http://www.ncaa.com/game/football/fbs/2018/11/24/michigan-ohio-st#boxscore
hawaii-fresno-st	96	0	10/27/2018	0	http://www.ncaa.com/game/football/fbs/2018/10/27/hawaii-fresno-st#boxscore
stanford-arizona-st	0	674	10/18/2018	0	http://www.ncaa.com/game/football/fbs/2018/10/18/stanford-arizona-st#boxscore
georgia-south-carolina	0	257	09/08/2018	0	http://www.ncaa.com/game/football/fbs/2018/09/08/georgia-south-carolina#boxscore
arizona-oregon-st	528	0	09/22/2018	0	http://www.ncaa.com/game/football/fbs/2018/09/22/arizona-oregon-st#boxscore
purdue-nebraska	0	559	09/29/2018	0	http://www.ncaa.com/game/football/fbs/2018/09/29/purdue-nebraska#boxscore
pittsburgh-ucf	0	545	09/29/2018	0	http://www.ncaa.com/game/football/fbs/2018/09/29/pittsburgh-ucf#boxscore
mercer-memphis	404	0	09/01/2018	0	http://www.ncaa.com/game/football/fbs/2018/09/01/mercer-memphis#boxscore
maryland-bowling-green	71	0	09/08/2018	0	http://www.ncaa.com/game/football/fbs/2018/09/08/maryland-bowling-green#boxscore
miami-oh-buffalo	86	0	10/30/2018	0	http://www.ncaa.com/game/football/fbs/2018/10/30/miami-oh-buffalo#boxscore
wake-forest-nc-state	0	749	11/08/2018	0	http://www.ncaa.com/game/football/fbs/2018/11/08/wake-forest-nc-state#boxscore
south-alabama-memphis	0	646	09/22/2018	0	http://www.ncaa.com/game/football/fbs/2018/09/22/south-alabama-memphis#boxscore
charlotte-marshall	0	458	11/10/2018	0	http://www.ncaa.com/game/football/fbs/2018/11/10/charlotte-marshall#boxscore
central-mich-toledo	709	0	11/23/2018	0	http://www.ncaa.com/game/football/fbs/2018/11/23/central-mich-toledo#boxscore
fla-atlantic-middle-tenn	0	229	09/29/2018	0	http://www.ncaa.com/game/football/fbs/2018/09/29/fla-atlantic-middle-tenn#boxscore
navy-army-west-point	0	725	12/08/2018	1	http://www.ncaa.com/game/football/fbs/2018/12/08/navy-army-west-point#boxscore
clemson-wake-forest	0	147	10/06/2018	0	http://www.ncaa.com/game/football/fbs/2018/10/06/clemson-wake-forest#boxscore
stanford-ucla	110	0	11/24/2018	0	http://www.ncaa.com/game/football/fbs/2018/11/24/stanford-ucla#boxscore
miami-oh-minnesota	428	0	09/15/2018	0	http://www.ncaa.com/game/football/fbs/2018/09/15/miami-oh-minnesota#boxscore
texas-kansas	328	0	11/23/2018	0	http://www.ncaa.com/game/football/fbs/2018/11/23/texas-kansas#boxscore
notre-dame-virginia-tech	742	0	10/06/2018	0	http://www.ncaa.com/game/football/fbs/2018/10/06/notre-dame-virginia-tech#boxscore
nc-state-marshall	388	0	09/22/2018	0	http://www.ncaa.com/game/football/fbs/2018/09/22/nc-state-marshall#boxscore
appalachian-st-arkansas-st	30	0	10/09/2018	0	http://www.ncaa.com/game/football/fbs/2018/10/09/appalachian-st-arkansas-st#boxscore
northern-ill-buffalo	0	503	11/30/2018	1	http://www.ncaa.com/game/football/fbs/2018/11/30/northern-ill-buffalo#boxscore
akron-south-carolina	0	5	12/01/2018	0	http://www.ncaa.com/game/football/fbs/2018/12/01/akron-south-carolina#boxscore
cincinnati-miami-oh	0	140	09/08/2018	0	http://www.ncaa.com/game/football/fbs/2018/09/08/cincinnati-miami-oh#boxscore
illinois-rutgers	0	301	10/06/2018	0	http://www.ncaa.com/game/football/fbs/2018/10/06/illinois-rutgers#boxscore
tcu-texas	703	0	09/22/2018	0	http://www.ncaa.com/game/football/fbs/2018/09/22/tcu-texas#boxscore
howard-ohio	519	0	09/01/2018	0	http://www.ncaa.com/game/football/fbs/2018/09/01/howard-ohio#boxscore
washington-st-oregon-st	0	754	10/06/2018	0	http://www.ncaa.com/game/football/fbs/2018/10/06/washington-st-oregon-st#boxscore
old-dominion-east-carolina	0	523	09/29/2018	0	http://www.ncaa.com/game/football/fbs/2018/09/29/old-dominion-east-carolina#boxscore
stanford-washington	756	0	11/03/2018	0	http://www.ncaa.com/game/football/fbs/2018/11/03/stanford-washington#boxscore
western-mich-ball-st	47	0	11/13/2018	0	http://www.ncaa.com/game/football/fbs/2018/11/13/western-mich-ball-st#boxscore
utah-colorado	157	0	11/17/2018	0	http://www.ncaa.com/game/football/fbs/2018/11/17/utah-colorado#boxscore
san-diego-st-boise-st	66	0	10/06/2018	0	http://www.ncaa.com/game/football/fbs/2018/10/06/san-diego-st-boise-st#boxscore
northwestern-purdue	559	0	08/30/2018	0	http://www.ncaa.com/game/football/fbs/2018/08/30/northwestern-purdue#boxscore
howard-kent-st	331	0	09/08/2018	0	http://www.ncaa.com/game/football/fbs/2018/09/08/howard-kent-st#boxscore
utsa-marshall	388	0	11/17/2018	0	http://www.ncaa.com/game/football/fbs/2018/11/17/utsa-marshall#boxscore
tennessee-auburn	37	0	10/13/2018	0	http://www.ncaa.com/game/football/fbs/2018/10/13/tennessee-auburn#boxscore
georgia-st-arkansas-st	0	254	10/18/2018	0	http://www.ncaa.com/game/football/fbs/2018/10/18/georgia-st-arkansas-st#boxscore
utep-louisiana-tech	366	0	10/20/2018	0	http://www.ncaa.com/game/football/fbs/2018/10/20/utep-louisiana-tech#boxscore
iowa-st-oklahoma-st	521	0	10/06/2018	0	http://www.ncaa.com/game/football/fbs/2018/10/06/iowa-st-oklahoma-st#boxscore
vmi-old-dominion	523	0	11/17/2018	0	http://www.ncaa.com/game/football/fbs/2018/11/17/vmi-old-dominion#boxscore
south-carolina-kentucky	334	0	09/29/2018	0	http://www.ncaa.com/game/football/fbs/2018/09/29/south-carolina-kentucky#boxscore
memphis-smu	0	404	11/16/2018	0	http://www.ncaa.com/game/football/fbs/2018/11/16/memphis-smu#boxscore
alcorn-georgia-tech	255	0	09/01/2018	0	http://www.ncaa.com/game/football/fbs/2018/09/01/alcorn-georgia-tech#boxscore
maryland-indiana	306	0	11/10/2018	0	http://www.ncaa.com/game/football/fbs/2018/11/10/maryland-indiana#boxscore
hawaii-colorado-st	156	0	08/25/2018	0	http://www.ncaa.com/game/football/fbs/2018/08/25/hawaii-colorado-st#boxscore
washington-st-stanford	0	754	10/27/2018	0	http://www.ncaa.com/game/football/fbs/2018/10/27/washington-st-stanford#boxscore
michigan-st-indiana	306	0	09/22/2018	0	http://www.ncaa.com/game/football/fbs/2018/09/22/michigan-st-indiana#boxscore
boise-st-nevada	466	0	10/13/2018	0	http://www.ncaa.com/game/football/fbs/2018/10/13/boise-st-nevada#boxscore
penn-st-illinois	301	0	09/21/2018	0	http://www.ncaa.com/game/football/fbs/2018/09/21/penn-st-illinois#boxscore
miami-oh-akron	5	0	10/06/2018	0	http://www.ncaa.com/game/football/fbs/2018/10/06/miami-oh-akron#boxscore
north-texas-liberty	355	0	09/22/2018	0	http://www.ncaa.com/game/football/fbs/2018/09/22/north-texas-liberty#boxscore
eastern-mich-san-diego-st	0	204	09/22/2018	0	http://www.ncaa.com/game/football/fbs/2018/09/22/eastern-mich-san-diego-st#boxscore
south-fla-illinois	0	301	09/15/2018	1	http://www.ncaa.com/game/football/fbs/2018/09/15/south-fla-illinois#boxscore
arizona-st-arizona	29	0	11/24/2018	0	http://www.ncaa.com/game/football/fbs/2018/11/24/arizona-st-arizona#boxscore
arkansas-st-texas-st	0	30	11/24/2018	0	http://www.ncaa.com/game/football/fbs/2018/11/24/arkansas-st-texas-st#boxscore
byu-utah	0	77	11/24/2018	0	http://www.ncaa.com/game/football/fbs/2018/11/24/byu-utah#boxscore
duke-baylor	0	193	09/15/2018	0	http://www.ncaa.com/game/football/fbs/2018/09/15/duke-baylor#boxscore
massachusetts-uconn	164	0	10/27/2018	0	http://www.ncaa.com/game/football/fbs/2018/10/27/massachusetts-uconn#boxscore
washington-st-southern-california	0	754	09/21/2018	0	http://www.ncaa.com/game/football/fbs/2018/09/21/washington-st-southern-california#boxscore
oregon-st-ohio-st	518	0	09/01/2018	0	http://www.ncaa.com/game/football/fbs/2018/09/01/oregon-st-ohio-st#boxscore
ucla-arizona-st	0	110	11/10/2018	0	http://www.ncaa.com/game/football/fbs/2018/11/10/ucla-arizona-st#boxscore
northern-ill-byu	77	0	10/27/2018	0	http://www.ncaa.com/game/football/fbs/2018/10/27/northern-ill-byu#boxscore
southern-california-utah	732	0	10/20/2018	0	http://www.ncaa.com/game/football/fbs/2018/10/20/southern-california-utah#boxscore
southern-california-ucla	0	657	11/17/2018	0	http://www.ncaa.com/game/football/fbs/2018/11/17/southern-california-ucla#boxscore
byu-boise-st	0	77	11/03/2018	0	http://www.ncaa.com/game/football/fbs/2018/11/03/byu-boise-st#boxscore
clemson-boston-college	0	147	11/10/2018	0	http://www.ncaa.com/game/football/fbs/2018/11/10/clemson-boston-college#boxscore
louisiana-tech-south-alabama	646	0	09/01/2018	0	http://www.ncaa.com/game/football/fbs/2018/09/01/louisiana-tech-south-alabama#boxscore
northern-ill-iowa	0	503	09/01/2018	0	http://www.ncaa.com/game/football/fbs/2018/09/01/northern-ill-iowa#boxscore
ucf-uconn	164	0	08/30/2018	0	http://www.ncaa.com/game/football/fbs/2018/08/30/ucf-uconn#boxscore
oregon-st-nevada	466	0	09/15/2018	0	http://www.ncaa.com/game/football/fbs/2018/09/15/oregon-st-nevada#boxscore
chattanooga-south-carolina	648	0	11/17/2018	0	http://www.ncaa.com/game/football/fbs/2018/11/17/chattanooga-south-carolina#boxscore
idaho-fresno-st	96	0	09/01/2018	0	http://www.ncaa.com/game/football/fbs/2018/09/01/idaho-fresno-st#boxscore
southern-miss-north-texas	497	0	10/13/2018	0	http://www.ncaa.com/game/football/fbs/2018/10/13/southern-miss-north-texas#boxscore
troy-nebraska	463	0	09/15/2018	0	http://www.ncaa.com/game/football/fbs/2018/09/15/troy-nebraska#boxscore
washington-st-wyoming	811	0	09/01/2018	0	http://www.ncaa.com/game/football/fbs/2018/09/01/washington-st-wyoming#boxscore
louisiana-tech-mississippi-st	430	0	11/03/2018	0	http://www.ncaa.com/game/football/fbs/2018/11/03/louisiana-tech-mississippi-st#boxscore
wake-forest-florida-st	234	0	10/20/2018	0	http://www.ncaa.com/game/football/fbs/2018/10/20/wake-forest-florida-st#boxscore
toledo-western-mich	774	0	10/25/2018	0	http://www.ncaa.com/game/football/fbs/2018/10/25/toledo-western-mich#boxscore
western-ky-louisiana-tech	0	772	11/24/2018	0	http://www.ncaa.com/game/football/fbs/2018/11/24/western-ky-louisiana-tech#boxscore
ohio-cincinnati	140	0	09/22/2018	0	http://www.ncaa.com/game/football/fbs/2018/09/22/ohio-cincinnati#boxscore
appalachian-st-ga-southern	253	0	10/25/2018	0	http://www.ncaa.com/game/football/fbs/2018/10/25/appalachian-st-ga-southern#boxscore
tennessee-tech-utah-st	731	0	09/13/2018	0	http://www.ncaa.com/game/football/fbs/2018/09/13/tennessee-tech-utah-st#boxscore
cincinnati-ucla	0	140	09/01/2018	0	http://www.ncaa.com/game/football/fbs/2018/09/01/cincinnati-ucla#boxscore
ohio-virginia	0	746	09/15/2018	1	http://www.ncaa.com/game/football/fbs/2018/09/15/ohio-virginia#boxscore
lsu-florida	235	0	10/06/2018	0	http://www.ncaa.com/game/football/fbs/2018/10/06/lsu-florida#boxscore
iowa-indiana	306	0	10/13/2018	0	http://www.ncaa.com/game/football/fbs/2018/10/13/iowa-indiana#boxscore
san-jose-st-oregon	0	630	09/15/2018	0	http://www.ncaa.com/game/football/fbs/2018/09/15/san-jose-st-oregon#boxscore
coastal-caro-louisiana	0	149	09/22/2018	0	http://www.ncaa.com/game/football/fbs/2018/09/22/coastal-caro-louisiana#boxscore
eastern-ky-bowling-green	71	0	09/15/2018	0	http://www.ncaa.com/game/football/fbs/2018/09/15/eastern-ky-bowling-green#boxscore
old-dominion-western-ky	772	0	10/20/2018	0	http://www.ncaa.com/game/football/fbs/2018/10/20/old-dominion-western-ky#boxscore
idaho-st-california	107	0	09/15/2018	0	http://www.ncaa.com/game/football/fbs/2018/09/15/idaho-st-california#boxscore
south-alabama-louisiana	0	646	11/17/2018	0	http://www.ncaa.com/game/football/fbs/2018/11/17/south-alabama-louisiana#boxscore
iowa-purdue	559	0	11/03/2018	0	http://www.ncaa.com/game/football/fbs/2018/11/03/iowa-purdue#boxscore
south-fla-cincinnati	140	0	11/10/2018	0	http://www.ncaa.com/game/football/fbs/2018/11/10/south-fla-cincinnati#boxscore
idaho-st-liberty	355	0	10/20/2018	0	http://www.ncaa.com/game/football/fbs/2018/10/20/idaho-st-liberty#boxscore
boise-st-new-mexico	473	0	11/16/2018	0	http://www.ncaa.com/game/football/fbs/2018/11/16/boise-st-new-mexico#boxscore
fordham-charlotte	458	0	09/01/2018	0	http://www.ncaa.com/game/football/fbs/2018/09/01/fordham-charlotte#boxscore
massachusetts-ga-southern	253	0	09/08/2018	0	http://www.ncaa.com/game/football/fbs/2018/09/08/massachusetts-ga-southern#boxscore
houston-rice	574	0	09/01/2018	0	http://www.ncaa.com/game/football/fbs/2018/09/01/houston-rice#boxscore
pittsburgh-wake-forest	749	0	11/17/2018	0	http://www.ncaa.com/game/football/fbs/2018/11/17/pittsburgh-wake-forest#boxscore
texas-st-south-alabama	646	0	09/15/2018	0	http://www.ncaa.com/game/football/fbs/2018/09/15/texas-st-south-alabama#boxscore
rice-fiu	231	0	10/20/2018	0	http://www.ncaa.com/game/football/fbs/2018/10/20/rice-fiu#boxscore
new-mexico-air-force	0	473	11/10/2018	0	http://www.ncaa.com/game/football/fbs/2018/11/10/new-mexico-air-force#boxscore
nebraska-northwestern	0	463	10/13/2018	0	http://www.ncaa.com/game/football/fbs/2018/10/13/nebraska-northwestern#boxscore
florida-vanderbilt	0	235	10/13/2018	0	http://www.ncaa.com/game/football/fbs/2018/10/13/florida-vanderbilt#boxscore
army-west-point-san-jose-st	0	725	10/13/2018	1	http://www.ncaa.com/game/football/fbs/2018/10/13/army-west-point-san-jose-st#boxscore
memphis-missouri	434	0	10/20/2018	0	http://www.ncaa.com/game/football/fbs/2018/10/20/memphis-missouri#boxscore
nc-state-syracuse	688	0	10/27/2018	0	http://www.ncaa.com/game/football/fbs/2018/10/27/nc-state-syracuse#boxscore
wisconsin-purdue	559	0	11/17/2018	0	http://www.ncaa.com/game/football/fbs/2018/11/17/wisconsin-purdue#boxscore
miami-oh-army-west-point	725	0	10/20/2018	0	http://www.ncaa.com/game/football/fbs/2018/10/20/miami-oh-army-west-point#boxscore
miami-fl-lsu	0	365	09/02/2018	1	http://www.ncaa.com/game/football/fbs/2018/09/02/miami-fl-lsu#boxscore
maine-western-ky	772	0	09/08/2018	0	http://www.ncaa.com/game/football/fbs/2018/09/08/maine-western-ky#boxscore
western-mich-miami-oh	0	774	09/29/2018	0	http://www.ncaa.com/game/football/fbs/2018/09/29/western-mich-miami-oh#boxscore
memphis-ucf	128	0	12/01/2018	0	http://www.ncaa.com/game/football/fbs/2018/12/01/memphis-ucf#boxscore
florida-am-troy	716	0	09/08/2018	0	http://www.ncaa.com/game/football/fbs/2018/09/08/florida-am-troy#boxscore
texas-st-troy	0	670	11/17/2018	0	http://www.ncaa.com/game/football/fbs/2018/11/17/texas-st-troy#boxscore
la-monroe-georgia-st	254	0	09/29/2018	0	http://www.ncaa.com/game/football/fbs/2018/09/29/la-monroe-georgia-st#boxscore
san-diego-st-fresno-st	96	0	11/17/2018	0	http://www.ncaa.com/game/football/fbs/2018/11/17/san-diego-st-fresno-st#boxscore
texas-oklahoma-st	521	0	10/27/2018	0	http://www.ncaa.com/game/football/fbs/2018/10/27/texas-oklahoma-st#boxscore
syracuse-pittsburgh	0	688	10/06/2018	0	http://www.ncaa.com/game/football/fbs/2018/10/06/syracuse-pittsburgh#boxscore
utah-arizona-st	0	732	11/03/2018	0	http://www.ncaa.com/game/football/fbs/2018/11/03/utah-arizona-st#boxscore
kansas-st-baylor	0	327	10/06/2018	0	http://www.ncaa.com/game/football/fbs/2018/10/06/kansas-st-baylor#boxscore
middle-tenn-georgia	257	0	09/15/2018	0	http://www.ncaa.com/game/football/fbs/2018/09/15/middle-tenn-georgia#boxscore
charlotte-tennessee	0	458	11/03/2018	0	http://www.ncaa.com/game/football/fbs/2018/11/03/charlotte-tennessee#boxscore
michigan-michigan-st	0	418	10/20/2018	0	http://www.ncaa.com/game/football/fbs/2018/10/20/michigan-michigan-st#boxscore
new-mexico-st-byu	0	472	11/17/2018	0	http://www.ncaa.com/game/football/fbs/2018/11/17/new-mexico-st-byu#boxscore
toledo-fresno-st	96	0	09/29/2018	0	http://www.ncaa.com/game/football/fbs/2018/09/29/toledo-fresno-st#boxscore
oklahoma-st-baylor	0	521	11/03/2018	0	http://www.ncaa.com/game/football/fbs/2018/11/03/oklahoma-st-baylor#boxscore
unlv-arkansas-st	0	465	09/22/2018	0	http://www.ncaa.com/game/football/fbs/2018/09/22/unlv-arkansas-st#boxscore
purdue-michigan-st	0	559	10/27/2018	0	http://www.ncaa.com/game/football/fbs/2018/10/27/purdue-michigan-st#boxscore
san-diego-st-new-mexico	473	0	11/03/2018	0	http://www.ncaa.com/game/football/fbs/2018/11/03/san-diego-st-new-mexico#boxscore
mississippi-st-ole-miss	0	430	11/22/2018	0	http://www.ncaa.com/game/football/fbs/2018/11/22/mississippi-st-ole-miss#boxscore
oregon-utah	732	0	11/10/2018	0	http://www.ncaa.com/game/football/fbs/2018/11/10/oregon-utah#boxscore
western-mich-bowling-green	71	0	10/13/2018	0	http://www.ncaa.com/game/football/fbs/2018/10/13/western-mich-bowling-green#boxscore
fiu-utsa	0	231	11/10/2018	0	http://www.ncaa.com/game/football/fbs/2018/11/10/fiu-utsa#boxscore
arizona-ucla	110	0	10/20/2018	0	http://www.ncaa.com/game/football/fbs/2018/10/20/arizona-ucla#boxscore
kent-st-ole-miss	0	331	09/22/2018	0	http://www.ncaa.com/game/football/fbs/2018/09/22/kent-st-ole-miss#boxscore
nc-state-clemson	147	0	10/20/2018	0	http://www.ncaa.com/game/football/fbs/2018/10/20/nc-state-clemson#boxscore
illinois-st-colorado-st	156	0	09/22/2018	0	http://www.ncaa.com/game/football/fbs/2018/09/22/illinois-st-colorado-st#boxscore
western-ky-wisconsin	0	772	08/31/2018	0	http://www.ncaa.com/game/football/fbs/2018/08/31/western-ky-wisconsin#boxscore
southeast-mo-st-arkansas-st	30	0	09/01/2018	0	http://www.ncaa.com/game/football/fbs/2018/09/01/southeast-mo-st-arkansas-st#boxscore
minnesota-wisconsin	0	428	11/24/2018	0	http://www.ncaa.com/game/football/fbs/2018/11/24/minnesota-wisconsin#boxscore
nicholls-st-kansas	328	0	09/01/2018	0	http://www.ncaa.com/game/football/fbs/2018/09/01/nicholls-st-kansas#boxscore
california-washington-st	754	0	11/03/2018	0	http://www.ncaa.com/game/football/fbs/2018/11/03/california-washington-st#boxscore
grambling-louisiana	671	0	09/01/2018	0	http://www.ncaa.com/game/football/fbs/2018/09/01/grambling-louisiana#boxscore
arizona-st-southern-california	657	0	10/27/2018	0	http://www.ncaa.com/game/football/fbs/2018/10/27/arizona-st-southern-california#boxscore
mississippi-st-kansas-st	327	0	09/08/2018	0	http://www.ncaa.com/game/football/fbs/2018/09/08/mississippi-st-kansas-st#boxscore
louisville-alabama	0	367	09/01/2018	1	http://www.ncaa.com/game/football/fbs/2018/09/01/louisville-alabama#boxscore
wisconsin-northwestern	509	0	10/27/2018	0	http://www.ncaa.com/game/football/fbs/2018/10/27/wisconsin-northwestern#boxscore
ohio-st-maryland	0	518	11/17/2018	0	http://www.ncaa.com/game/football/fbs/2018/11/17/ohio-st-maryland#boxscore
notre-dame-northwestern	509	0	11/03/2018	0	http://www.ncaa.com/game/football/fbs/2018/11/03/notre-dame-northwestern#boxscore
virginia-tech-north-carolina	0	742	10/13/2018	0	http://www.ncaa.com/game/football/fbs/2018/10/13/virginia-tech-north-carolina#boxscore
louisville-boston-college	67	0	10/13/2018	0	http://www.ncaa.com/game/football/fbs/2018/10/13/louisville-boston-college#boxscore
san-jose-st-utah-st	0	630	11/10/2018	0	http://www.ncaa.com/game/football/fbs/2018/11/10/san-jose-st-utah-st#boxscore
tennessee-st-vanderbilt	736	0	09/29/2018	0	http://www.ncaa.com/game/football/fbs/2018/09/29/tennessee-st-vanderbilt#boxscore
wake-forest-tulane	0	749	08/30/2018	0	http://www.ncaa.com/game/football/fbs/2018/08/30/wake-forest-tulane#boxscore
temple-navy	726	0	10/13/2018	0	http://www.ncaa.com/game/football/fbs/2018/10/13/temple-navy#boxscore
appalachian-st-penn-st	539	0	09/01/2018	0	http://www.ncaa.com/game/football/fbs/2018/09/01/appalachian-st-penn-st#boxscore
albany-ny-pittsburgh	545	0	09/01/2018	0	http://www.ncaa.com/game/football/fbs/2018/09/01/albany-ny-pittsburgh#boxscore
missouri-florida	0	434	11/03/2018	0	http://www.ncaa.com/game/football/fbs/2018/11/03/missouri-florida#boxscore
oklahoma-tcu	0	522	10/20/2018	0	http://www.ncaa.com/game/football/fbs/2018/10/20/oklahoma-tcu#boxscore
penn-st-rutgers	587	0	11/17/2018	0	http://www.ncaa.com/game/football/fbs/2018/11/17/penn-st-rutgers#boxscore
ga-southern-clemson	147	0	09/15/2018	0	http://www.ncaa.com/game/football/fbs/2018/09/15/ga-southern-clemson#boxscore
vanderbilt-notre-dame	513	0	09/15/2018	0	http://www.ncaa.com/game/football/fbs/2018/09/15/vanderbilt-notre-dame#boxscore
ball-st-central-mich	0	47	10/13/2018	0	http://www.ncaa.com/game/football/fbs/2018/10/13/ball-st-central-mich#boxscore
tulane-uab	9	0	09/15/2018	0	http://www.ncaa.com/game/football/fbs/2018/09/15/tulane-uab#boxscore
new-hampshire-colorado	157	0	09/15/2018	0	http://www.ncaa.com/game/football/fbs/2018/09/15/new-hampshire-colorado#boxscore
prairie-view-rice	574	0	08/25/2018	0	http://www.ncaa.com/game/football/fbs/2018/08/25/prairie-view-rice#boxscore
clemson-texas-am	0	147	09/08/2018	0	http://www.ncaa.com/game/football/fbs/2018/09/08/clemson-texas-am#boxscore
delaware-st-buffalo	86	0	09/01/2018	0	http://www.ncaa.com/game/football/fbs/2018/09/01/delaware-st-buffalo#boxscore
villanova-temple	690	0	09/01/2018	0	http://www.ncaa.com/game/football/fbs/2018/09/01/villanova-temple#boxscore
south-fla-massachusetts	0	651	10/06/2018	0	http://www.ncaa.com/game/football/fbs/2018/10/06/south-fla-massachusetts#boxscore
minnesota-illinois	301	0	11/03/2018	0	http://www.ncaa.com/game/football/fbs/2018/11/03/minnesota-illinois#boxscore
florida-st-nc-state	0	234	11/03/2018	0	http://www.ncaa.com/game/football/fbs/2018/11/03/florida-st-nc-state#boxscore
air-force-san-diego-st	0	721	10/12/2018	0	http://www.ncaa.com/game/football/fbs/2018/10/12/air-force-san-diego-st#boxscore
san-jose-st-fresno-st	96	0	11/24/2018	0	http://www.ncaa.com/game/football/fbs/2018/11/24/san-jose-st-fresno-st#boxscore
texas-tech-kansas-st	327	0	11/17/2018	0	http://www.ncaa.com/game/football/fbs/2018/11/17/texas-tech-kansas-st#boxscore
colorado-southern-california	0	157	10/13/2018	0	http://www.ncaa.com/game/football/fbs/2018/10/13/colorado-southern-california#boxscore
buffalo-toledo	0	86	10/20/2018	0	http://www.ncaa.com/game/football/fbs/2018/10/20/buffalo-toledo#boxscore
pittsburgh-virginia	0	545	11/02/2018	0	http://www.ncaa.com/game/football/fbs/2018/11/02/pittsburgh-virginia#boxscore
byu-washington	0	77	09/29/2018	0	http://www.ncaa.com/game/football/fbs/2018/09/29/byu-washington#boxscore
northern-ill-western-mich	0	503	11/20/2018	0	http://www.ncaa.com/game/football/fbs/2018/11/20/northern-ill-western-mich#boxscore
south-carolina-florida	235	0	11/10/2018	0	http://www.ncaa.com/game/football/fbs/2018/11/10/south-carolina-florida#boxscore
eastern-mich-kent-st	0	204	11/23/2018	0	http://www.ncaa.com/game/football/fbs/2018/11/23/eastern-mich-kent-st#boxscore
lsu-texas-am	0	365	11/24/2018	0	http://www.ncaa.com/game/football/fbs/2018/11/24/lsu-texas-am#boxscore
duquesne-hawaii	277	0	09/22/2018	0	http://www.ncaa.com/game/football/fbs/2018/09/22/duquesne-hawaii#boxscore
elon-south-fla	651	0	09/01/2018	0	http://www.ncaa.com/game/football/fbs/2018/09/01/elon-south-fla#boxscore
michigan-st-nebraska	463	0	11/17/2018	0	http://www.ncaa.com/game/football/fbs/2018/11/17/michigan-st-nebraska#boxscore
indiana-michigan	0	306	11/17/2018	0	http://www.ncaa.com/game/football/fbs/2018/11/17/indiana-michigan#boxscore
washington-california	0	756	10/27/2018	0	http://www.ncaa.com/game/football/fbs/2018/10/27/washington-california#boxscore
wyoming-missouri	434	0	09/08/2018	0	http://www.ncaa.com/game/football/fbs/2018/09/08/wyoming-missouri#boxscore
fresno-st-unlv	0	96	11/03/2018	0	http://www.ncaa.com/game/football/fbs/2018/11/03/fresno-st-unlv#boxscore
new-mexico-st-liberty	355	0	11/24/2018	0	http://www.ncaa.com/game/football/fbs/2018/11/24/new-mexico-st-liberty#boxscore
tulane-ohio-st	518	0	09/22/2018	0	http://www.ncaa.com/game/football/fbs/2018/09/22/tulane-ohio-st#boxscore
illinois-nebraska	463	0	11/10/2018	0	http://www.ncaa.com/game/football/fbs/2018/11/10/illinois-nebraska#boxscore
toledo-northern-ill	503	0	11/07/2018	0	http://www.ncaa.com/game/football/fbs/2018/11/07/toledo-northern-ill#boxscore
georgia-st-troy	0	254	10/04/2018	0	http://www.ncaa.com/game/football/fbs/2018/10/04/georgia-st-troy#boxscore
maryland-penn-st	0	392	11/24/2018	0	http://www.ncaa.com/game/football/fbs/2018/11/24/maryland-penn-st#boxscore
navy-cincinnati	140	0	11/03/2018	0	http://www.ncaa.com/game/football/fbs/2018/11/03/navy-cincinnati#boxscore
texas-am-auburn	37	0	11/03/2018	0	http://www.ncaa.com/game/football/fbs/2018/11/03/texas-am-auburn#boxscore
oklahoma-st-tcu	0	521	11/24/2018	0	http://www.ncaa.com/game/football/fbs/2018/11/24/oklahoma-st-tcu#boxscore
houston-navy	726	0	10/20/2018	0	http://www.ncaa.com/game/football/fbs/2018/10/20/houston-navy#boxscore
ole-miss-arkansas	0	433	10/13/2018	1	http://www.ncaa.com/game/football/fbs/2018/10/13/ole-miss-arkansas#boxscore
iowa-illinois	301	0	11/17/2018	0	http://www.ncaa.com/game/football/fbs/2018/11/17/iowa-illinois#boxscore
duke-pittsburgh	545	0	10/27/2018	0	http://www.ncaa.com/game/football/fbs/2018/10/27/duke-pittsburgh#boxscore
louisiana-mississippi-st	430	0	09/15/2018	0	http://www.ncaa.com/game/football/fbs/2018/09/15/louisiana-mississippi-st#boxscore
louisiana-tech-lsu	365	0	09/22/2018	0	http://www.ncaa.com/game/football/fbs/2018/09/22/louisiana-tech-lsu#boxscore
marshall-fiu	231	0	11/24/2018	0	http://www.ncaa.com/game/football/fbs/2018/11/24/marshall-fiu#boxscore
georgia-tech-pittsburgh	545	0	09/15/2018	0	http://www.ncaa.com/game/football/fbs/2018/09/15/georgia-tech-pittsburgh#boxscore
old-dominion-rice	0	523	11/24/2018	0	http://www.ncaa.com/game/football/fbs/2018/11/24/old-dominion-rice#boxscore
troy-ga-southern	253	0	11/10/2018	0	http://www.ncaa.com/game/football/fbs/2018/11/10/troy-ga-southern#boxscore
fiu-charlotte	0	231	11/17/2018	0	http://www.ncaa.com/game/football/fbs/2018/11/17/fiu-charlotte#boxscore
uab-rice	0	9	10/13/2018	0	http://www.ncaa.com/game/football/fbs/2018/10/13/uab-rice#boxscore
kentucky-louisville	0	334	11/24/2018	0	http://www.ncaa.com/game/football/fbs/2018/11/24/kentucky-louisville#boxscore
south-carolina-vanderbilt	0	648	09/22/2018	0	http://www.ncaa.com/game/football/fbs/2018/09/22/south-carolina-vanderbilt#boxscore
marshall-western-ky	772	0	09/29/2018	0	http://www.ncaa.com/game/football/fbs/2018/09/29/marshall-western-ky#boxscore
ut-martin-missouri	434	0	09/01/2018	0	http://www.ncaa.com/game/football/fbs/2018/09/01/ut-martin-missouri#boxscore
georgia-st-appalachian-st	0	254	11/17/2018	0	http://www.ncaa.com/game/football/fbs/2018/11/17/georgia-st-appalachian-st#boxscore
western-mich-georgia-st	254	0	09/22/2018	0	http://www.ncaa.com/game/football/fbs/2018/09/22/western-mich-georgia-st#boxscore
washington-washington-st	754	0	11/23/2018	0	http://www.ncaa.com/game/football/fbs/2018/11/23/washington-washington-st#boxscore
kent-st-miami-oh	0	331	10/13/2018	0	http://www.ncaa.com/game/football/fbs/2018/10/13/kent-st-miami-oh#boxscore
san-jose-st-wyoming	811	0	11/03/2018	0	http://www.ncaa.com/game/football/fbs/2018/11/03/san-jose-st-wyoming#boxscore
california-byu	77	0	09/08/2018	0	http://www.ncaa.com/game/football/fbs/2018/09/08/california-byu#boxscore
east-carolina-temple	0	196	10/06/2018	0	http://www.ncaa.com/game/football/fbs/2018/10/06/east-carolina-temple#boxscore
oregon-st-stanford	0	528	11/10/2018	0	http://www.ncaa.com/game/football/fbs/2018/11/10/oregon-st-stanford#boxscore
north-texas-old-dominion	523	0	11/10/2018	0	http://www.ncaa.com/game/football/fbs/2018/11/10/north-texas-old-dominion#boxscore
texas-tech-tcu	0	700	10/11/2018	0	http://www.ncaa.com/game/football/fbs/2018/10/11/texas-tech-tcu#boxscore
colorado-st-nevada	0	156	11/10/2018	0	http://www.ncaa.com/game/football/fbs/2018/11/10/colorado-st-nevada#boxscore
minnesota-nebraska	463	0	10/20/2018	0	http://www.ncaa.com/game/football/fbs/2018/10/20/minnesota-nebraska#boxscore
minnesota-maryland	0	428	09/22/2018	0	http://www.ncaa.com/game/football/fbs/2018/09/22/minnesota-maryland#boxscore
nevada-toledo	0	466	09/22/2018	0	http://www.ncaa.com/game/football/fbs/2018/09/22/nevada-toledo#boxscore
missouri-st-oklahoma-st	521	0	08/30/2018	0	http://www.ncaa.com/game/football/fbs/2018/08/30/missouri-st-oklahoma-st#boxscore
missouri-south-carolina	0	434	10/06/2018	0	http://www.ncaa.com/game/football/fbs/2018/10/06/missouri-south-carolina#boxscore
troy-la-monroe	0	716	09/22/2018	0	http://www.ncaa.com/game/football/fbs/2018/09/22/troy-la-monroe#boxscore
hawaii-army-west-point	725	0	09/15/2018	0	http://www.ncaa.com/game/football/fbs/2018/09/15/hawaii-army-west-point#boxscore
oklahoma-iowa-st	0	522	09/15/2018	0	http://www.ncaa.com/game/football/fbs/2018/09/15/oklahoma-iowa-st#boxscore
portland-st-oregon	529	0	09/08/2018	0	http://www.ncaa.com/game/football/fbs/2018/09/08/portland-st-oregon#boxscore
massachusetts-georgia	257	0	11/17/2018	0	http://www.ncaa.com/game/football/fbs/2018/11/17/massachusetts-georgia#boxscore
north-carolina-miami-fl	0	457	09/27/2018	0	http://www.ncaa.com/game/football/fbs/2018/09/27/north-carolina-miami-fl#boxscore
akron-eastern-mich	204	0	11/10/2018	0	http://www.ncaa.com/game/football/fbs/2018/11/10/akron-eastern-mich#boxscore
unlv-southern-california	0	465	09/01/2018	0	http://www.ncaa.com/game/football/fbs/2018/09/01/unlv-southern-california#boxscore
new-mexico-wisconsin	0	473	09/08/2018	0	http://www.ncaa.com/game/football/fbs/2018/09/08/new-mexico-wisconsin#boxscore
oklahoma-st-kansas-st	327	0	10/13/2018	0	http://www.ncaa.com/game/football/fbs/2018/10/13/oklahoma-st-kansas-st#boxscore
new-mexico-st-minnesota	0	472	08/30/2018	0	http://www.ncaa.com/game/football/fbs/2018/08/30/new-mexico-st-minnesota#boxscore
washington-ucla	0	756	10/06/2018	0	http://www.ncaa.com/game/football/fbs/2018/10/06/washington-ucla#boxscore
georgia-tech-virginia-tech	742	0	10/25/2018	0	http://www.ncaa.com/game/football/fbs/2018/10/25/georgia-tech-virginia-tech#boxscore
new-mexico-colorado-st	0	473	10/13/2018	0	http://www.ncaa.com/game/football/fbs/2018/10/13/new-mexico-colorado-st#boxscore
western-ky-ball-st	0	772	09/22/2018	0	http://www.ncaa.com/game/football/fbs/2018/09/22/western-ky-ball-st#boxscore
utah-northern-ill	503	0	09/08/2018	0	http://www.ncaa.com/game/football/fbs/2018/09/08/utah-northern-ill#boxscore
maryland-michigan	0	392	10/06/2018	0	http://www.ncaa.com/game/football/fbs/2018/10/06/maryland-michigan#boxscore
tulsa-arkansas	31	0	10/20/2018	0	http://www.ncaa.com/game/football/fbs/2018/10/20/tulsa-arkansas#boxscore
kentucky-texas-am	0	334	10/06/2018	0	http://www.ncaa.com/game/football/fbs/2018/10/06/kentucky-texas-am#boxscore
byu-wisconsin	0	77	09/15/2018	0	http://www.ncaa.com/game/football/fbs/2018/09/15/byu-wisconsin#boxscore
uab-louisiana-tech	0	9	10/06/2018	0	http://www.ncaa.com/game/football/fbs/2018/10/06/uab-louisiana-tech#boxscore
colorado-california	0	157	11/24/2018	0	http://www.ncaa.com/game/football/fbs/2018/11/24/colorado-california#boxscore
savannah-st-uab	9	0	08/30/2018	0	http://www.ncaa.com/game/football/fbs/2018/08/30/savannah-st-uab#boxscore
oklahoma-texas-tech	0	522	11/03/2018	0	http://www.ncaa.com/game/football/fbs/2018/11/03/oklahoma-texas-tech#boxscore
washington-auburn	0	756	09/01/2018	1	http://www.ncaa.com/game/football/fbs/2018/09/01/washington-auburn#boxscore
nevada-hawaii	0	466	10/20/2018	0	http://www.ncaa.com/game/football/fbs/2018/10/20/nevada-hawaii#boxscore
west-virginia-tennessee	0	694	09/01/2018	1	http://www.ncaa.com/game/football/fbs/2018/09/01/west-virginia-tennessee#boxscore
hawaii-byu	77	0	10/13/2018	0	http://www.ncaa.com/game/football/fbs/2018/10/13/hawaii-byu#boxscore
air-force-utah-st	0	721	09/22/2018	0	http://www.ncaa.com/game/football/fbs/2018/09/22/air-force-utah-st#boxscore
northwestern-ohio-st	0	509	12/01/2018	1	http://www.ncaa.com/game/football/fbs/2018/12/01/northwestern-ohio-st#boxscore
incarnate-word-new-mexico	473	0	09/01/2018	0	http://www.ncaa.com/game/football/fbs/2018/09/01/incarnate-word-new-mexico#boxscore
north-carolina-duke	0	457	11/10/2018	0	http://www.ncaa.com/game/football/fbs/2018/11/10/north-carolina-duke#boxscore
tulane-tulsa	0	718	10/27/2018	0	http://www.ncaa.com/game/football/fbs/2018/10/27/tulane-tulsa#boxscore
baylor-texas	703	0	10/13/2018	0	http://www.ncaa.com/game/football/fbs/2018/10/13/baylor-texas#boxscore
hawaii-san-jose-st	630	0	09/29/2018	0	http://www.ncaa.com/game/football/fbs/2018/09/29/hawaii-san-jose-st#boxscore
duke-miami-fl	0	193	11/03/2018	0	http://www.ncaa.com/game/football/fbs/2018/11/03/duke-miami-fl#boxscore
missouri-tennessee	0	434	11/17/2018	0	http://www.ncaa.com/game/football/fbs/2018/11/17/missouri-tennessee#boxscore
memphis-tulane	718	0	09/28/2018	0	http://www.ncaa.com/game/football/fbs/2018/09/28/memphis-tulane#boxscore
fla-atlantic-marshall	0	229	10/20/2018	0	http://www.ncaa.com/game/football/fbs/2018/10/20/fla-atlantic-marshall#boxscore
new-mexico-new-mexico-st	0	473	09/15/2018	0	http://www.ncaa.com/game/football/fbs/2018/09/15/new-mexico-new-mexico-st#boxscore
incarnate-word-north-texas	497	0	09/08/2018	0	http://www.ncaa.com/game/football/fbs/2018/09/08/incarnate-word-north-texas#boxscore
georgia-kentucky	0	257	11/03/2018	0	http://www.ncaa.com/game/football/fbs/2018/11/03/georgia-kentucky#boxscore
temple-uconn	164	0	11/24/2018	0	http://www.ncaa.com/game/football/fbs/2018/11/24/temple-uconn#boxscore
louisville-syracuse	688	0	11/09/2018	0	http://www.ncaa.com/game/football/fbs/2018/11/09/louisville-syracuse#boxscore
oregon-st-colorado	157	0	10/27/2018	0	http://www.ncaa.com/game/football/fbs/2018/10/27/oregon-st-colorado#boxscore
louisiana-alabama	0	671	09/29/2018	0	http://www.ncaa.com/game/football/fbs/2018/09/29/louisiana-alabama#boxscore
arizona-houston	288	0	09/08/2018	0	http://www.ncaa.com/game/football/fbs/2018/09/08/arizona-houston#boxscore
rutgers-wisconsin	0	587	11/03/2018	0	http://www.ncaa.com/game/football/fbs/2018/11/03/rutgers-wisconsin#boxscore
south-alabama-ga-southern	253	0	10/06/2018	0	http://www.ncaa.com/game/football/fbs/2018/10/06/south-alabama-ga-southern#boxscore
oregon-st-washington	756	0	11/17/2018	0	http://www.ncaa.com/game/football/fbs/2018/11/17/oregon-st-washington#boxscore
clemson-pittsburgh	0	147	12/01/2018	1	http://www.ncaa.com/game/football/fbs/2018/12/01/clemson-pittsburgh#boxscore
la-monroe-southern-miss	0	498	09/08/2018	0	http://www.ncaa.com/game/football/fbs/2018/09/08/la-monroe-southern-miss#boxscore
maryland-iowa	0	392	10/20/2018	0	http://www.ncaa.com/game/football/fbs/2018/10/20/maryland-iowa#boxscore
vanderbilt-arkansas	31	0	10/27/2018	0	http://www.ncaa.com/game/football/fbs/2018/10/27/vanderbilt-arkansas#boxscore
notre-dame-southern-california	657	0	11/24/2018	0	http://www.ncaa.com/game/football/fbs/2018/11/24/notre-dame-southern-california#boxscore
william--mary-virginia-tech	742	0	09/08/2018	0	http://www.ncaa.com/game/football/fbs/2018/09/08/william--mary-virginia-tech#boxscore
rutgers-ohio-st	518	0	09/08/2018	0	http://www.ncaa.com/game/football/fbs/2018/09/08/rutgers-ohio-st#boxscore
arizona-st-san-diego-st	626	0	09/15/2018	0	http://www.ncaa.com/game/football/fbs/2018/09/15/arizona-st-san-diego-st#boxscore
lsu-auburn	37	0	09/15/2018	0	http://www.ncaa.com/game/football/fbs/2018/09/15/lsu-auburn#boxscore
arizona-washington-st	754	0	11/17/2018	0	http://www.ncaa.com/game/football/fbs/2018/11/17/arizona-washington-st#boxscore
nevada-vanderbilt	0	466	09/08/2018	0	http://www.ncaa.com/game/football/fbs/2018/09/08/nevada-vanderbilt#boxscore
nicholls-st-tulane	718	0	09/08/2018	0	http://www.ncaa.com/game/football/fbs/2018/09/08/nicholls-st-tulane#boxscore
tulsa-navy	726	0	11/17/2018	0	http://www.ncaa.com/game/football/fbs/2018/11/17/tulsa-navy#boxscore
southern-miss-utep	704	0	11/24/2018	0	http://www.ncaa.com/game/football/fbs/2018/11/24/southern-miss-utep#boxscore
southern-ill-ole-miss	433	0	09/08/2018	0	http://www.ncaa.com/game/football/fbs/2018/09/08/southern-ill-ole-miss#boxscore
north-texas-utsa	0	497	11/24/2018	0	http://www.ncaa.com/game/football/fbs/2018/11/24/north-texas-utsa#boxscore
southern-miss-auburn	37	0	09/29/2018	0	http://www.ncaa.com/game/football/fbs/2018/09/29/southern-miss-auburn#boxscore
coastal-caro-south-carolina	0	149	09/01/2018	0	http://www.ncaa.com/game/football/fbs/2018/09/01/coastal-caro-south-carolina#boxscore
jackson-st-southern-miss	664	0	09/01/2018	0	http://www.ncaa.com/game/football/fbs/2018/09/01/jackson-st-southern-miss#boxscore
iowa-st-texas	703	0	11/17/2018	0	http://www.ncaa.com/game/football/fbs/2018/11/17/iowa-st-texas#boxscore
san-jose-st-washington-st	754	0	09/08/2018	0	http://www.ncaa.com/game/football/fbs/2018/09/08/san-jose-st-washington-st#boxscore
weber-st-utah	732	0	08/30/2018	0	http://www.ncaa.com/game/football/fbs/2018/08/30/weber-st-utah#boxscore
bowling-green-central-mich	0	71	11/10/2018	0	http://www.ncaa.com/game/football/fbs/2018/11/10/bowling-green-central-mich#boxscore
fla-atlantic-ucf	0	229	09/21/2018	0	http://www.ncaa.com/game/football/fbs/2018/09/21/fla-atlantic-ucf#boxscore
kennesaw-st-georgia-st	254	0	08/30/2018	0	http://www.ncaa.com/game/football/fbs/2018/08/30/kennesaw-st-georgia-st#boxscore
florida-st-syracuse	688	0	09/15/2018	0	http://www.ncaa.com/game/football/fbs/2018/09/15/florida-st-syracuse#boxscore
michigan-st-penn-st	539	0	10/13/2018	0	http://www.ncaa.com/game/football/fbs/2018/10/13/michigan-st-penn-st#boxscore
toledo-eastern-mich	204	0	10/13/2018	0	http://www.ncaa.com/game/football/fbs/2018/10/13/toledo-eastern-mich#boxscore
arkansas-colorado-st	156	0	09/08/2018	0	http://www.ncaa.com/game/football/fbs/2018/09/08/arkansas-colorado-st#boxscore
kent-st-buffalo	0	331	11/06/2018	0	http://www.ncaa.com/game/football/fbs/2018/11/06/kent-st-buffalo#boxscore
troy-appalachian-st	0	716	11/24/2018	0	http://www.ncaa.com/game/football/fbs/2018/11/24/troy-appalachian-st#boxscore
smu-ucf	128	0	10/06/2018	0	http://www.ncaa.com/game/football/fbs/2018/10/06/smu-ucf#boxscore
appalachian-st-charlotte	458	0	09/08/2018	0	http://www.ncaa.com/game/football/fbs/2018/09/08/appalachian-st-charlotte#boxscore
rice-wake-forest	749	0	09/29/2018	0	http://www.ncaa.com/game/football/fbs/2018/09/29/rice-wake-forest#boxscore
appalachian-st-coastal-caro	149	0	11/03/2018	0	http://www.ncaa.com/game/football/fbs/2018/11/03/appalachian-st-coastal-caro#boxscore
virginia-indiana	0	746	09/08/2018	0	http://www.ncaa.com/game/football/fbs/2018/09/08/virginia-indiana#boxscore
texas-st-rutgers	587	0	09/01/2018	0	http://www.ncaa.com/game/football/fbs/2018/09/01/texas-st-rutgers#boxscore
fresno-st-minnesota	0	96	09/08/2018	0	http://www.ncaa.com/game/football/fbs/2018/09/08/fresno-st-minnesota#boxscore
clemson-georgia-tech	0	147	09/22/2018	0	http://www.ncaa.com/game/football/fbs/2018/09/22/clemson-georgia-tech#boxscore
western-ky-charlotte	0	772	10/13/2018	0	http://www.ncaa.com/game/football/fbs/2018/10/13/western-ky-charlotte#boxscore
iowa-st-kansas	328	0	11/03/2018	0	http://www.ncaa.com/game/football/fbs/2018/11/03/iowa-st-kansas#boxscore
drake-iowa-st	311	0	12/01/2018	0	http://www.ncaa.com/game/football/fbs/2018/12/01/drake-iowa-st#boxscore
southern-utah-oregon-st	528	0	09/08/2018	0	http://www.ncaa.com/game/football/fbs/2018/09/08/southern-utah-oregon-st#boxscore
ball-st-notre-dame	0	47	09/08/2018	0	http://www.ncaa.com/game/football/fbs/2018/09/08/ball-st-notre-dame#boxscore
georgia-st-nc-state	0	254	09/08/2018	0	http://www.ncaa.com/game/football/fbs/2018/09/08/georgia-st-nc-state#boxscore
nebraska-iowa	0	463	11/23/2018	0	http://www.ncaa.com/game/football/fbs/2018/11/23/nebraska-iowa#boxscore
ball-st-indiana	0	47	09/15/2018	0	http://www.ncaa.com/game/football/fbs/2018/09/15/ball-st-indiana#boxscore
utah-st-hawaii	0	731	11/03/2018	0	http://www.ncaa.com/game/football/fbs/2018/11/03/utah-st-hawaii#boxscore
notre-dame-wake-forest	749	0	09/22/2018	0	http://www.ncaa.com/game/football/fbs/2018/09/22/notre-dame-wake-forest#boxscore
utah-ucla	0	732	10/26/2018	0	http://www.ncaa.com/game/football/fbs/2018/10/26/utah-ucla#boxscore
akron-iowa-st	0	5	09/22/2018	0	http://www.ncaa.com/game/football/fbs/2018/09/22/akron-iowa-st#boxscore
arizona-st-colorado	157	0	10/06/2018	0	http://www.ncaa.com/game/football/fbs/2018/10/06/arizona-st-colorado#boxscore
southern-miss-charlotte	458	0	10/27/2018	0	http://www.ncaa.com/game/football/fbs/2018/10/27/southern-miss-charlotte#boxscore
purdue-minnesota	0	559	11/10/2018	0	http://www.ncaa.com/game/football/fbs/2018/11/10/purdue-minnesota#boxscore
utah-st-colorado-st	156	0	11/17/2018	0	http://www.ncaa.com/game/football/fbs/2018/11/17/utah-st-colorado-st#boxscore
towson-wake-forest	749	0	09/08/2018	0	http://www.ncaa.com/game/football/fbs/2018/09/08/towson-wake-forest#boxscore
bowling-green-oregon	0	71	09/01/2018	0	http://www.ncaa.com/game/football/fbs/2018/09/01/bowling-green-oregon#boxscore
texas-tech-iowa-st	0	700	10/27/2018	0	http://www.ncaa.com/game/football/fbs/2018/10/27/texas-tech-iowa-st#boxscore
louisiana-tech-utsa	0	366	10/13/2018	0	http://www.ncaa.com/game/football/fbs/2018/10/13/louisiana-tech-utsa#boxscore
smu-uconn	164	0	11/10/2018	0	http://www.ncaa.com/game/football/fbs/2018/11/10/smu-uconn#boxscore
idaho-florida	235	0	11/17/2018	0	http://www.ncaa.com/game/football/fbs/2018/11/17/idaho-florida#boxscore
coastal-caro-massachusetts	0	149	10/20/2018	0	http://www.ncaa.com/game/football/fbs/2018/10/20/coastal-caro-massachusetts#boxscore
vmi-toledo	709	0	09/01/2018	0	http://www.ncaa.com/game/football/fbs/2018/09/01/vmi-toledo#boxscore
arkansas-auburn	37	0	09/22/2018	0	http://www.ncaa.com/game/football/fbs/2018/09/22/arkansas-auburn#boxscore
morgan-st-akron	5	0	09/08/2018	0	http://www.ncaa.com/game/football/fbs/2018/09/08/morgan-st-akron#boxscore
iowa-st-tcu	0	311	09/29/2018	0	http://www.ncaa.com/game/football/fbs/2018/09/29/iowa-st-tcu#boxscore
california-southern-california	657	0	11/10/2018	0	http://www.ncaa.com/game/football/fbs/2018/11/10/california-southern-california#boxscore
virginia-tech-florida-st	234	0	09/03/2018	0	http://www.ncaa.com/game/football/fbs/2018/09/03/virginia-tech-florida-st#boxscore
alabama-georgia	0	257	12/01/2018	1	http://www.ncaa.com/game/football/fbs/2018/12/01/alabama-georgia#boxscore
utep-utsa	0	704	09/29/2018	0	http://www.ncaa.com/game/football/fbs/2018/09/29/utep-utsa#boxscore
utsa-southern-miss	664	0	10/20/2018	0	http://www.ncaa.com/game/football/fbs/2018/10/20/utsa-southern-miss#boxscore
rice-lsu	365	0	11/17/2018	0	http://www.ncaa.com/game/football/fbs/2018/11/17/rice-lsu#boxscore
alabama-ole-miss	433	0	09/15/2018	0	http://www.ncaa.com/game/football/fbs/2018/09/15/alabama-ole-miss#boxscore
arkansas-missouri	434	0	11/23/2018	0	http://www.ncaa.com/game/football/fbs/2018/11/23/arkansas-missouri#boxscore
oklahoma-st-oklahoma	522	0	11/10/2018	0	http://www.ncaa.com/game/football/fbs/2018/11/10/oklahoma-st-oklahoma#boxscore
ball-st-ohio	0	47	10/25/2018	0	http://www.ncaa.com/game/football/fbs/2018/10/25/ball-st-ohio#boxscore
james-madison-nc-state	490	0	09/01/2018	0	http://www.ncaa.com/game/football/fbs/2018/09/01/james-madison-nc-state#boxscore
utsa-kansas-st	327	0	09/15/2018	0	http://www.ncaa.com/game/football/fbs/2018/09/15/utsa-kansas-st#boxscore
south-fla-houston	0	651	10/27/2018	0	http://www.ncaa.com/game/football/fbs/2018/10/27/south-fla-houston#boxscore
illinois-maryland	0	301	10/27/2018	0	http://www.ncaa.com/game/football/fbs/2018/10/27/illinois-maryland#boxscore
ga-southern-georgia-st	254	0	11/24/2018	0	http://www.ncaa.com/game/football/fbs/2018/11/24/ga-southern-georgia-st#boxscore
south-carolina-clemson	147	0	11/24/2018	0	http://www.ncaa.com/game/football/fbs/2018/11/24/south-carolina-clemson#boxscore
buffalo-temple	0	86	09/08/2018	0	http://www.ncaa.com/game/football/fbs/2018/09/08/buffalo-temple#boxscore
utep-rice	0	704	11/03/2018	0	http://www.ncaa.com/game/football/fbs/2018/11/03/utep-rice#boxscore
austin-peay-georgia	257	0	09/01/2018	0	http://www.ncaa.com/game/football/fbs/2018/09/01/austin-peay-georgia#boxscore
baylor-oklahoma	522	0	09/29/2018	0	http://www.ncaa.com/game/football/fbs/2018/09/29/baylor-oklahoma#boxscore
houston-baptist-smu	663	0	09/29/2018	0	http://www.ncaa.com/game/football/fbs/2018/09/29/houston-baptist-smu#boxscore
monmouth-eastern-mich	204	0	08/31/2018	0	http://www.ncaa.com/game/football/fbs/2018/08/31/monmouth-eastern-mich#boxscore
south-carolina-st-ucf	128	0	09/08/2018	0	http://www.ncaa.com/game/football/fbs/2018/09/08/south-carolina-st-ucf#boxscore
houston-smu	0	288	11/03/2018	0	http://www.ncaa.com/game/football/fbs/2018/11/03/houston-smu#boxscore
stanford-notre-dame	513	0	09/29/2018	0	http://www.ncaa.com/game/football/fbs/2018/09/29/stanford-notre-dame#boxscore
southern-u-louisiana-tech	366	0	09/08/2018	0	http://www.ncaa.com/game/football/fbs/2018/09/08/southern-u-louisiana-tech#boxscore
southern-california-oregon-st	0	657	11/03/2018	0	http://www.ncaa.com/game/football/fbs/2018/11/03/southern-california-oregon-st#boxscore
northwestern-minnesota	0	509	11/17/2018	0	http://www.ncaa.com/game/football/fbs/2018/11/17/northwestern-minnesota#boxscore
nebraska-michigan	0	463	09/22/2018	0	http://www.ncaa.com/game/football/fbs/2018/09/22/nebraska-michigan#boxscore
louisville-clemson	147	0	11/03/2018	0	http://www.ncaa.com/game/football/fbs/2018/11/03/louisville-clemson#boxscore
ucla-colorado	157	0	09/28/2018	0	http://www.ncaa.com/game/football/fbs/2018/09/28/ucla-colorado#boxscore
uconn-tulsa	0	164	11/03/2018	0	http://www.ncaa.com/game/football/fbs/2018/11/03/uconn-tulsa#boxscore
virginia-virginia-tech	742	0	11/23/2018	0	http://www.ncaa.com/game/football/fbs/2018/11/23/virginia-virginia-tech#boxscore
marshall-old-dominion	0	388	10/13/2018	0	http://www.ncaa.com/game/football/fbs/2018/10/13/marshall-old-dominion#boxscore
tcu-west-virginia	0	698	11/10/2018	0	http://www.ncaa.com/game/football/fbs/2018/11/10/tcu-west-virginia#boxscore
georgia-tech-south-fla	0	255	09/08/2018	0	http://www.ncaa.com/game/football/fbs/2018/09/08/georgia-tech-south-fla#boxscore
memphis-navy	726	0	09/08/2018	0	http://www.ncaa.com/game/football/fbs/2018/09/08/memphis-navy#boxscore
syracuse-notre-dame	0	688	11/17/2018	1	http://www.ncaa.com/game/football/fbs/2018/11/17/syracuse-notre-dame#boxscore
ole-miss-lsu	0	433	09/29/2018	0	http://www.ncaa.com/game/football/fbs/2018/09/29/ole-miss-lsu#boxscore
eastern-ill-arkansas	31	0	09/01/2018	0	http://www.ncaa.com/game/football/fbs/2018/09/01/eastern-ill-arkansas#boxscore
east-carolina-tulane	0	196	11/10/2018	0	http://www.ncaa.com/game/football/fbs/2018/11/10/east-carolina-tulane#boxscore
north-carolina-virginia	746	0	10/27/2018	0	http://www.ncaa.com/game/football/fbs/2018/10/27/north-carolina-virginia#boxscore
utsa-arizona-st	28	0	09/01/2018	0	http://www.ncaa.com/game/football/fbs/2018/09/01/utsa-arizona-st#boxscore
cincinnati-temple	0	140	10/20/2018	0	http://www.ncaa.com/game/football/fbs/2018/10/20/cincinnati-temple#boxscore
alabama-am-cincinnati	140	0	09/15/2018	0	http://www.ncaa.com/game/football/fbs/2018/09/15/alabama-am-cincinnati#boxscore
coastal-caro-georgia-st	0	149	10/27/2018	0	http://www.ncaa.com/game/football/fbs/2018/10/27/coastal-caro-georgia-st#boxscore
western-caro-north-carolina	457	0	11/17/2018	0	http://www.ncaa.com/game/football/fbs/2018/11/17/western-caro-north-carolina#boxscore
akron-northwestern	0	5	09/15/2018	0	http://www.ncaa.com/game/football/fbs/2018/09/15/akron-northwestern#boxscore
arkansas-st-alabama	0	30	09/08/2018	0	http://www.ncaa.com/game/football/fbs/2018/09/08/arkansas-st-alabama#boxscore
liberty-new-mexico-st	0	355	10/06/2018	0	http://www.ncaa.com/game/football/fbs/2018/10/06/liberty-new-mexico-st#boxscore
kent-st-ball-st	47	0	09/29/2018	0	http://www.ncaa.com/game/football/fbs/2018/09/29/kent-st-ball-st#boxscore
tulsa-texas	703	0	09/08/2018	0	http://www.ncaa.com/game/football/fbs/2018/09/08/tulsa-texas#boxscore
smu-tulsa	719	0	11/24/2018	0	http://www.ncaa.com/game/football/fbs/2018/11/24/smu-tulsa#boxscore
boston-college-florida-st	234	0	11/17/2018	0	http://www.ncaa.com/game/football/fbs/2018/11/17/boston-college-florida-st#boxscore
army-west-point-buffalo	0	725	09/29/2018	0	http://www.ncaa.com/game/football/fbs/2018/09/29/army-west-point-buffalo#boxscore
south-carolina-st-ga-southern	253	0	09/01/2018	0	http://www.ncaa.com/game/football/fbs/2018/09/01/south-carolina-st-ga-southern#boxscore
indiana-minnesota	0	306	10/26/2018	0	http://www.ncaa.com/game/football/fbs/2018/10/26/indiana-minnesota#boxscore
ucf-memphis	0	128	10/13/2018	0	http://www.ncaa.com/game/football/fbs/2018/10/13/ucf-memphis#boxscore
tennessee-vanderbilt	736	0	11/24/2018	0	http://www.ncaa.com/game/football/fbs/2018/11/24/tennessee-vanderbilt#boxscore
uab-coastal-caro	149	0	09/08/2018	0	http://www.ncaa.com/game/football/fbs/2018/09/08/uab-coastal-caro#boxscore
georgia-tech-louisville	0	255	10/05/2018	0	http://www.ncaa.com/game/football/fbs/2018/10/05/georgia-tech-louisville#boxscore
minnesota-ohio-st	518	0	10/13/2018	0	http://www.ncaa.com/game/football/fbs/2018/10/13/minnesota-ohio-st#boxscore
navy-ucf	0	726	11/10/2018	0	http://www.ncaa.com/game/football/fbs/2018/11/10/navy-ucf#boxscore
abilene-christian-baylor	51	0	09/01/2018	0	http://www.ncaa.com/game/football/fbs/2018/09/01/abilene-christian-baylor#boxscore
utep-western-ky	772	0	11/17/2018	0	http://www.ncaa.com/game/football/fbs/2018/11/17/utep-western-ky#boxscore
kansas-st-oklahoma	0	327	10/27/2018	0	http://www.ncaa.com/game/football/fbs/2018/10/27/kansas-st-oklahoma#boxscore
colorado-st-san-jose-st	0	156	10/06/2018	0	http://www.ncaa.com/game/football/fbs/2018/10/06/colorado-st-san-jose-st#boxscore
utah-stanford	0	732	10/06/2018	0	http://www.ncaa.com/game/football/fbs/2018/10/06/utah-stanford#boxscore
middle-tenn-old-dominion	523	0	10/27/2018	0	http://www.ncaa.com/game/football/fbs/2018/10/27/middle-tenn-old-dominion#boxscore
middle-tenn-utep	704	0	11/10/2018	0	http://www.ncaa.com/game/football/fbs/2018/11/10/middle-tenn-utep#boxscore
uc-davis-san-jose-st	630	0	08/30/2018	0	http://www.ncaa.com/game/football/fbs/2018/08/30/uc-davis-san-jose-st#boxscore
indiana-rutgers	0	306	09/29/2018	0	http://www.ncaa.com/game/football/fbs/2018/09/29/indiana-rutgers#boxscore
buffalo-rutgers	587	0	09/22/2018	0	http://www.ncaa.com/game/football/fbs/2018/09/22/buffalo-rutgers#boxscore
massachusetts-boston-college	67	0	09/01/2018	0	http://www.ncaa.com/game/football/fbs/2018/09/01/massachusetts-boston-college#boxscore
northern-ill-akron	5	0	11/01/2018	0	http://www.ncaa.com/game/football/fbs/2018/11/01/northern-ill-akron#boxscore
utah-washington-st	754	0	09/29/2018	0	http://www.ncaa.com/game/football/fbs/2018/09/29/utah-washington-st#boxscore
ucf-east-carolina	196	0	10/20/2018	0	http://www.ncaa.com/game/football/fbs/2018/10/20/ucf-east-carolina#boxscore
kansas-st-west-virginia	0	327	09/22/2018	0	http://www.ncaa.com/game/football/fbs/2018/09/22/kansas-st-west-virginia#boxscore
ohio-st-tcu	0	518	09/15/2018	1	http://www.ncaa.com/game/football/fbs/2018/09/15/ohio-st-tcu#boxscore
ohio-northern-ill	503	0	10/13/2018	0	http://www.ncaa.com/game/football/fbs/2018/10/13/ohio-northern-ill#boxscore
old-dominion-charlotte	458	0	09/13/2018	0	http://www.ncaa.com/game/football/fbs/2018/09/13/old-dominion-charlotte#boxscore
kansas-kansas-st	0	328	11/10/2018	0	http://www.ncaa.com/game/football/fbs/2018/11/10/kansas-kansas-st#boxscore
rutgers-maryland	0	587	10/13/2018	0	http://www.ncaa.com/game/football/fbs/2018/10/13/rutgers-maryland#boxscore
navy-hawaii	0	726	09/01/2018	0	http://www.ncaa.com/game/football/fbs/2018/09/01/navy-hawaii#boxscore
middle-tenn-marshall	388	0	10/05/2018	0	http://www.ncaa.com/game/football/fbs/2018/10/05/middle-tenn-marshall#boxscore
west-virginia-iowa-st	311	0	10/13/2018	0	http://www.ncaa.com/game/football/fbs/2018/10/13/west-virginia-iowa-st#boxscore
massachusetts-ohio	519	0	09/29/2018	0	http://www.ncaa.com/game/football/fbs/2018/09/29/massachusetts-ohio#boxscore
kent-st-bowling-green	71	0	10/30/2018	0	http://www.ncaa.com/game/football/fbs/2018/10/30/kent-st-bowling-green#boxscore
tulane-cincinnati	140	0	10/06/2018	0	http://www.ncaa.com/game/football/fbs/2018/10/06/tulane-cincinnati#boxscore
washington-st-colorado	157	0	11/10/2018	0	http://www.ncaa.com/game/football/fbs/2018/11/10/washington-st-colorado#boxscore
ucla-oregon	529	0	11/03/2018	0	http://www.ncaa.com/game/football/fbs/2018/11/03/ucla-oregon#boxscore
unlv-utah-st	0	465	10/13/2018	0	http://www.ncaa.com/game/football/fbs/2018/10/13/unlv-utah-st#boxscore
new-mexico-st-utep	0	472	09/22/2018	0	http://www.ncaa.com/game/football/fbs/2018/09/22/new-mexico-st-utep#boxscore
utah-st-boise-st	0	731	11/24/2018	0	http://www.ncaa.com/game/football/fbs/2018/11/24/utah-st-boise-st#boxscore
colorado-st-air-force	0	156	11/22/2018	0	http://www.ncaa.com/game/football/fbs/2018/11/22/colorado-st-air-force#boxscore
syracuse-boston-college	0	688	11/24/2018	0	http://www.ncaa.com/game/football/fbs/2018/11/24/syracuse-boston-college#boxscore
cincinnati-ucf	0	140	11/17/2018	0	http://www.ncaa.com/game/football/fbs/2018/11/17/cincinnati-ucf#boxscore
nebraska-wisconsin	0	463	10/06/2018	0	http://www.ncaa.com/game/football/fbs/2018/10/06/nebraska-wisconsin#boxscore
sacramento-st-san-diego-st	626	0	09/08/2018	0	http://www.ncaa.com/game/football/fbs/2018/09/08/sacramento-st-san-diego-st#boxscore
ball-st-miami-oh	0	47	11/20/2018	0	http://www.ncaa.com/game/football/fbs/2018/11/20/ball-st-miami-oh#boxscore
massachusetts-fiu	231	0	09/15/2018	0	http://www.ncaa.com/game/football/fbs/2018/09/15/massachusetts-fiu#boxscore
toledo-kent-st	331	0	11/15/2018	0	http://www.ncaa.com/game/football/fbs/2018/11/15/toledo-kent-st#boxscore
alabama-st-south-alabama	646	0	10/13/2018	0	http://www.ncaa.com/game/football/fbs/2018/10/13/alabama-st-south-alabama#boxscore
ole-miss-vanderbilt	0	433	11/17/2018	0	http://www.ncaa.com/game/football/fbs/2018/11/17/ole-miss-vanderbilt#boxscore
arkansas-st-coastal-caro	149	0	11/10/2018	0	http://www.ncaa.com/game/football/fbs/2018/11/10/arkansas-st-coastal-caro#boxscore
air-force-unlv	0	721	10/19/2018	0	http://www.ncaa.com/game/football/fbs/2018/10/19/air-force-unlv#boxscore
florida-georgia	0	235	10/27/2018	1	http://www.ncaa.com/game/football/fbs/2018/10/27/florida-georgia#boxscore
uab-middle-tenn	0	9	12/01/2018	0	http://www.ncaa.com/game/football/fbs/2018/12/01/uab-middle-tenn#boxscore
arizona-st-washington	756	0	09/22/2018	0	http://www.ncaa.com/game/football/fbs/2018/09/22/arizona-st-washington#boxscore
akron-buffalo	0	5	10/13/2018	0	http://www.ncaa.com/game/football/fbs/2018/10/13/akron-buffalo#boxscore
unlv-san-jose-st	0	465	10/27/2018	0	http://www.ncaa.com/game/football/fbs/2018/10/27/unlv-san-jose-st#boxscore
alabama-arkansas	31	0	10/06/2018	0	http://www.ncaa.com/game/football/fbs/2018/10/06/alabama-arkansas#boxscore
mcneese-byu	77	0	09/22/2018	0	http://www.ncaa.com/game/football/fbs/2018/09/22/mcneese-byu#boxscore
miami-fl-boston-college	67	0	10/26/2018	0	http://www.ncaa.com/game/football/fbs/2018/10/26/miami-fl-boston-college#boxscore
cincinnati-smu	0	140	10/27/2018	0	http://www.ncaa.com/game/football/fbs/2018/10/27/cincinnati-smu#boxscore
texas-am-mississippi-st	430	0	10/27/2018	0	http://www.ncaa.com/game/football/fbs/2018/10/27/texas-am-mississippi-st#boxscore
nevada-air-force	721	0	09/29/2018	0	http://www.ncaa.com/game/football/fbs/2018/09/29/nevada-air-force#boxscore
bowling-green-akron	0	71	11/17/2018	0	http://www.ncaa.com/game/football/fbs/2018/11/17/bowling-green-akron#boxscore
memphis-east-carolina	196	0	11/03/2018	0	http://www.ncaa.com/game/football/fbs/2018/11/03/memphis-east-carolina#boxscore
utah-washington	0	756	11/30/2018	1	http://www.ncaa.com/game/football/fbs/2018/11/30/utah-washington#boxscore
houston-texas-tech	700	0	09/15/2018	0	http://www.ncaa.com/game/football/fbs/2018/09/15/houston-texas-tech#boxscore
georgia-st-louisiana	0	254	11/10/2018	0	http://www.ncaa.com/game/football/fbs/2018/11/10/georgia-st-louisiana#boxscore
middle-tenn-fiu	231	0	10/13/2018	0	http://www.ncaa.com/game/football/fbs/2018/10/13/middle-tenn-fiu#boxscore
florida-florida-st	0	235	11/24/2018	0	http://www.ncaa.com/game/football/fbs/2018/11/24/florida-florida-st#boxscore
missouri-alabama	0	434	10/13/2018	0	http://www.ncaa.com/game/football/fbs/2018/10/13/missouri-alabama#boxscore
fla-atlantic-oklahoma	0	229	09/01/2018	0	http://www.ncaa.com/game/football/fbs/2018/09/01/fla-atlantic-oklahoma#boxscore
uconn-boise-st	0	164	09/08/2018	0	http://www.ncaa.com/game/football/fbs/2018/09/08/uconn-boise-st#boxscore
kentucky-florida	235	0	09/08/2018	0	http://www.ncaa.com/game/football/fbs/2018/09/08/kentucky-florida#boxscore
colorado-washington	0	157	10/20/2018	0	http://www.ncaa.com/game/football/fbs/2018/10/20/colorado-washington#boxscore
marshall-virginia-tech	742	0	12/01/2018	0	http://www.ncaa.com/game/football/fbs/2018/12/01/marshall-virginia-tech#boxscore
coastal-caro-south-alabama	0	149	11/23/2018	0	http://www.ncaa.com/game/football/fbs/2018/11/23/coastal-caro-south-alabama#boxscore
west-virginia-oklahoma-st	521	0	11/17/2018	0	http://www.ncaa.com/game/football/fbs/2018/11/17/west-virginia-oklahoma-st#boxscore
florida-mississippi-st	0	235	09/29/2018	0	http://www.ncaa.com/game/football/fbs/2018/09/29/florida-mississippi-st#boxscore
liberty-new-mexico	0	355	09/29/2018	0	http://www.ncaa.com/game/football/fbs/2018/09/29/liberty-new-mexico#boxscore
rice-hawaii	277	0	09/08/2018	0	http://www.ncaa.com/game/football/fbs/2018/09/08/rice-hawaii#boxscore
ucla-oklahoma	522	0	09/08/2018	0	http://www.ncaa.com/game/football/fbs/2018/09/08/ucla-oklahoma#boxscore
louisiana-tech-fla-atlantic	229	0	10/26/2018	0	http://www.ncaa.com/game/football/fbs/2018/10/26/louisiana-tech-fla-atlantic#boxscore
purdue-indiana	0	559	11/24/2018	0	http://www.ncaa.com/game/football/fbs/2018/11/24/purdue-indiana#boxscore
california-arizona	0	107	10/06/2018	0	http://www.ncaa.com/game/football/fbs/2018/10/06/california-arizona#boxscore
colorado-arizona	0	157	11/02/2018	0	http://www.ncaa.com/game/football/fbs/2018/11/02/colorado-arizona#boxscore
arkansas-texas-am	0	31	09/29/2018	1	http://www.ncaa.com/game/football/fbs/2018/09/29/arkansas-texas-am#boxscore
ole-miss-texas-am	0	433	11/10/2018	0	http://www.ncaa.com/game/football/fbs/2018/11/10/ole-miss-texas-am#boxscore
wisconsin-penn-st	0	796	11/10/2018	0	http://www.ncaa.com/game/football/fbs/2018/11/10/wisconsin-penn-st#boxscore
bethune-cookman-fla-atlantic	229	0	09/15/2018	0	http://www.ncaa.com/game/football/fbs/2018/09/15/bethune-cookman-fla-atlantic#boxscore
ga-southern-texas-st	0	253	10/11/2018	0	http://www.ncaa.com/game/football/fbs/2018/10/11/ga-southern-texas-st#boxscore
ga-southern-new-mexico-st	472	0	10/20/2018	0	http://www.ncaa.com/game/football/fbs/2018/10/20/ga-southern-new-mexico-st#boxscore
kansas-central-mich	0	328	09/08/2018	0	http://www.ncaa.com/game/football/fbs/2018/09/08/kansas-central-mich#boxscore
texas-am-alabama	8	0	09/22/2018	0	http://www.ncaa.com/game/football/fbs/2018/09/22/texas-am-alabama#boxscore
iowa-st-iowa	0	311	09/08/2018	0	http://www.ncaa.com/game/football/fbs/2018/09/08/iowa-st-iowa#boxscore
boston-college-nc-state	0	67	10/06/2018	0	http://www.ncaa.com/game/football/fbs/2018/10/06/boston-college-nc-state#boxscore
northern-ill-eastern-mich	204	0	09/29/2018	0	http://www.ncaa.com/game/football/fbs/2018/09/29/northern-ill-eastern-mich#boxscore
sfa-mississippi-st	430	0	09/01/2018	0	http://www.ncaa.com/game/football/fbs/2018/09/01/sfa-mississippi-st#boxscore
florida-st-notre-dame	0	234	11/10/2018	0	http://www.ncaa.com/game/football/fbs/2018/11/10/florida-st-notre-dame#boxscore
southern-california-arizona	0	657	09/29/2018	0	http://www.ncaa.com/game/football/fbs/2018/09/29/southern-california-arizona#boxscore
smu-north-texas	497	0	09/01/2018	0	http://www.ncaa.com/game/football/fbs/2018/09/01/smu-north-texas#boxscore
lehigh-navy	726	0	09/15/2018	0	http://www.ncaa.com/game/football/fbs/2018/09/15/lehigh-navy#boxscore
uab-texas-am	0	9	11/17/2018	0	http://www.ncaa.com/game/football/fbs/2018/11/17/uab-texas-am#boxscore
arkansas-st-tulsa	0	30	09/15/2018	0	http://www.ncaa.com/game/football/fbs/2018/09/15/arkansas-st-tulsa#boxscore
rice-southern-miss	0	574	09/22/2018	0	http://www.ncaa.com/game/football/fbs/2018/09/22/rice-southern-miss#boxscore
pittsburgh-miami-fl	0	545	11/24/2018	0	http://www.ncaa.com/game/football/fbs/2018/11/24/pittsburgh-miami-fl#boxscore
tcu-kansas	328	0	10/27/2018	0	http://www.ncaa.com/game/football/fbs/2018/10/27/tcu-kansas#boxscore
southern-miss-uab	9	0	11/10/2018	0	http://www.ncaa.com/game/football/fbs/2018/11/10/southern-miss-uab#boxscore
notre-dame-navy	0	726	10/27/2018	1	http://www.ncaa.com/game/football/fbs/2018/10/27/notre-dame-navy#boxscore
northern-ill-ball-st	47	0	10/06/2018	0	http://www.ncaa.com/game/football/fbs/2018/10/06/northern-ill-ball-st#boxscore
florida-st-louisville	0	234	09/29/2018	0	http://www.ncaa.com/game/football/fbs/2018/09/29/florida-st-louisville#boxscore
central-mich-michigan-st	416	0	09/29/2018	0	http://www.ncaa.com/game/football/fbs/2018/09/29/central-mich-michigan-st#boxscore
south-fla-temple	0	651	11/17/2018	0	http://www.ncaa.com/game/football/fbs/2018/11/17/south-fla-temple#boxscore
ohio-miami-oh	0	519	11/07/2018	0	http://www.ncaa.com/game/football/fbs/2018/11/07/ohio-miami-oh#boxscore
arizona-utah	732	0	10/12/2018	0	http://www.ncaa.com/game/football/fbs/2018/10/12/arizona-utah#boxscore
kent-st-illinois	0	331	09/01/2018	0	http://www.ncaa.com/game/football/fbs/2018/09/01/kent-st-illinois#boxscore
delaware-st-western-mich	774	0	09/15/2018	0	http://www.ncaa.com/game/football/fbs/2018/09/15/delaware-st-western-mich#boxscore
miami-oh-bowling-green	71	0	09/22/2018	0	http://www.ncaa.com/game/football/fbs/2018/09/22/miami-oh-bowling-green#boxscore
prairie-view-unlv	465	0	09/15/2018	0	http://www.ncaa.com/game/football/fbs/2018/09/15/prairie-view-unlv#boxscore
northwestern-st-texas-am	697	0	08/30/2018	0	http://www.ncaa.com/game/football/fbs/2018/08/30/northwestern-st-texas-am#boxscore
kent-st-penn-st	0	331	09/15/2018	0	http://www.ncaa.com/game/football/fbs/2018/09/15/kent-st-penn-st#boxscore
etsu-tennessee	694	0	09/08/2018	0	http://www.ncaa.com/game/football/fbs/2018/09/08/etsu-tennessee#boxscore
fiu-miami-fl	0	231	09/22/2018	0	http://www.ncaa.com/game/football/fbs/2018/09/22/fiu-miami-fl#boxscore
wake-forest-duke	0	749	11/24/2018	0	http://www.ncaa.com/game/football/fbs/2018/11/24/wake-forest-duke#boxscore
michigan-notre-dame	513	0	09/01/2018	0	http://www.ncaa.com/game/football/fbs/2018/09/01/michigan-notre-dame#boxscore
ohio-western-mich	0	519	11/01/2018	0	http://www.ncaa.com/game/football/fbs/2018/11/01/ohio-western-mich#boxscore
northwestern-michigan-st	0	509	10/06/2018	0	http://www.ncaa.com/game/football/fbs/2018/10/06/northwestern-michigan-st#boxscore
temple-maryland	392	0	09/15/2018	0	http://www.ncaa.com/game/football/fbs/2018/09/15/temple-maryland#boxscore
utah-st-michigan-st	0	731	08/31/2018	0	http://www.ncaa.com/game/football/fbs/2018/08/31/utah-st-michigan-st#boxscore
rice-louisiana-tech	366	0	11/10/2018	0	http://www.ncaa.com/game/football/fbs/2018/11/10/rice-louisiana-tech#boxscore
ark-pine-bluff-fiu	231	0	09/29/2018	0	http://www.ncaa.com/game/football/fbs/2018/09/29/ark-pine-bluff-fiu#boxscore
akron-ohio	0	5	11/23/2018	0	http://www.ncaa.com/game/football/fbs/2018/11/23/akron-ohio#boxscore
old-dominion-fla-atlantic	229	0	10/06/2018	0	http://www.ncaa.com/game/football/fbs/2018/10/06/old-dominion-fla-atlantic#boxscore
louisiana-appalachian-st	0	671	12/01/2018	0	http://www.ncaa.com/game/football/fbs/2018/12/01/louisiana-appalachian-st#boxscore
south-dakota-kansas-st	327	0	09/01/2018	0	http://www.ncaa.com/game/football/fbs/2018/09/01/south-dakota-kansas-st#boxscore
kansas-st-iowa-st	0	327	11/24/2018	0	http://www.ncaa.com/game/football/fbs/2018/11/24/kansas-st-iowa-st#boxscore
auburn-mississippi-st	430	0	10/06/2018	0	http://www.ncaa.com/game/football/fbs/2018/10/06/auburn-mississippi-st#boxscore
north-texas-utep	704	0	10/06/2018	0	http://www.ncaa.com/game/football/fbs/2018/10/06/north-texas-utep#boxscore
penn-st-michigan	0	539	11/03/2018	0	http://www.ncaa.com/game/football/fbs/2018/11/03/penn-st-michigan#boxscore
southern-california-stanford	0	657	09/08/2018	0	http://www.ncaa.com/game/football/fbs/2018/09/08/southern-california-stanford#boxscore
wofford-wyoming	811	0	09/15/2018	0	http://www.ncaa.com/game/football/fbs/2018/09/15/wofford-wyoming#boxscore
washington-utah	0	756	09/15/2018	0	http://www.ncaa.com/game/football/fbs/2018/09/15/washington-utah#boxscore
central-mich-eastern-mich	204	0	11/03/2018	0	http://www.ncaa.com/game/football/fbs/2018/11/03/central-mich-eastern-mich#boxscore
baylor-texas-tech	0	700	11/24/2018	1	http://www.ncaa.com/game/football/fbs/2018/11/24/baylor-texas-tech#boxscore
coastal-caro-campbell	0	149	09/12/2018	0	http://www.ncaa.com/game/football/fcs/2018/09/12/coastal-caro-campbell#boxscore
la-monroe-ole-miss	433	0	10/06/2018	0	http://www.ncaa.com/game/football/fbs/2018/10/06/la-monroe-ole-miss#boxscore
oklahoma-st-kansas	328	0	09/29/2018	0	http://www.ncaa.com/game/football/fbs/2018/09/29/oklahoma-st-kansas#boxscore
virginia-duke	0	746	10/20/2018	0	http://www.ncaa.com/game/football/fbs/2018/10/20/virginia-duke#boxscore
kansas-texas-tech	0	328	10/20/2018	0	http://www.ncaa.com/game/football/fbs/2018/10/20/kansas-texas-tech#boxscore
alabama-tennessee	0	8	10/20/2018	0	http://www.ncaa.com/game/football/fbs/2018/10/20/alabama-tennessee#boxscore
north-carolina-east-carolina	0	457	09/08/2018	0	http://www.ncaa.com/game/football/fbs/2018/09/08/north-carolina-east-carolina#boxscore
syracuse-western-mich	0	688	08/31/2018	0	http://www.ncaa.com/game/football/fbs/2018/08/31/syracuse-western-mich#boxscore
texas-st-la-monroe	0	670	10/20/2018	0	http://www.ncaa.com/game/football/fbs/2018/10/20/texas-st-la-monroe#boxscore
akron-kent-st	0	5	10/20/2018	0	http://www.ncaa.com/game/football/fbs/2018/10/20/akron-kent-st#boxscore
central-mich-northern-ill	503	0	09/15/2018	0	http://www.ncaa.com/game/football/fbs/2018/09/15/central-mich-northern-ill#boxscore
marshall-miami-oh	0	388	09/01/2018	0	http://www.ncaa.com/game/football/fbs/2018/09/01/marshall-miami-oh#boxscore
kansas-west-virginia	0	328	10/06/2018	0	http://www.ncaa.com/game/football/fbs/2018/10/06/kansas-west-virginia#boxscore
central-ark-tulsa	719	0	09/01/2018	0	http://www.ncaa.com/game/football/fbs/2018/09/01/central-ark-tulsa#boxscore
miami-fl-toledo	709	0	09/15/2018	0	http://www.ncaa.com/game/football/fbs/2018/09/15/miami-fl-toledo#boxscore
kansas-oklahoma	0	328	11/17/2018	0	http://www.ncaa.com/game/football/fbs/2018/11/17/kansas-oklahoma#boxscore
vanderbilt-georgia	257	0	10/06/2018	0	http://www.ncaa.com/game/football/fbs/2018/10/06/vanderbilt-georgia#boxscore
army-west-point-duke	0	725	08/31/2018	0	http://www.ncaa.com/game/football/fbs/2018/08/31/army-west-point-duke#boxscore
colorado-st-florida	235	0	09/15/2018	0	http://www.ncaa.com/game/football/fbs/2018/09/15/colorado-st-florida#boxscore
ohio-kent-st	331	0	10/06/2018	0	http://www.ncaa.com/game/football/fbs/2018/10/06/ohio-kent-st#boxscore
michigan-st-arizona-st	0	416	09/08/2018	0	http://www.ncaa.com/game/football/fbs/2018/09/08/michigan-st-arizona-st#boxscore
northwestern-iowa	0	509	11/10/2018	0	http://www.ncaa.com/game/football/fbs/2018/11/10/northwestern-iowa#boxscore
duke-georgia-tech	255	0	10/13/2018	0	http://www.ncaa.com/game/football/fbs/2018/10/13/duke-georgia-tech#boxscore
colorado-nebraska	0	157	09/08/2018	0	http://www.ncaa.com/game/football/fbs/2018/09/08/colorado-nebraska#boxscore
youngstown-st-west-virginia	768	0	09/08/2018	0	http://www.ncaa.com/game/football/fbs/2018/09/08/youngstown-st-west-virginia#boxscore
new-mexico-st-louisiana	0	472	10/13/2018	0	http://www.ncaa.com/game/football/fbs/2018/10/13/new-mexico-st-louisiana#boxscore
bowling-green-toledo	0	71	10/06/2018	0	http://www.ncaa.com/game/football/fbs/2018/10/06/bowling-green-toledo#boxscore
illinois-wisconsin	0	301	10/20/2018	0	http://www.ncaa.com/game/football/fbs/2018/10/20/illinois-wisconsin#boxscore
rice-north-texas	0	574	10/27/2018	0	http://www.ncaa.com/game/football/fbs/2018/10/27/rice-north-texas#boxscore
byu-arizona	0	77	09/01/2018	0	http://www.ncaa.com/game/football/fbs/2018/09/01/byu-arizona#boxscore
virginia-tech-pittsburgh	0	742	11/10/2018	0	http://www.ncaa.com/game/football/fbs/2018/11/10/virginia-tech-pittsburgh#boxscore
north-carolina-syracuse	688	0	10/20/2018	0	http://www.ncaa.com/game/football/fbs/2018/10/20/north-carolina-syracuse#boxscore
western-ky-louisville	0	772	09/15/2018	0	http://www.ncaa.com/game/football/fbs/2018/09/15/western-ky-louisville#boxscore
la-monroe-arkansas-st	30	0	11/17/2018	0	http://www.ncaa.com/game/football/fbs/2018/11/17/la-monroe-arkansas-st#boxscore
bowling-green-georgia-tech	0	71	09/29/2018	0	http://www.ncaa.com/game/football/fbs/2018/09/29/bowling-green-georgia-tech#boxscore
miami-fl-georgia-tech	255	0	11/10/2018	0	http://www.ncaa.com/game/football/fbs/2018/11/10/miami-fl-georgia-tech#boxscore
duke-northwestern	509	0	09/08/2018	0	http://www.ncaa.com/game/football/fbs/2018/09/08/duke-northwestern#boxscore
boston-college-virginia-tech	742	0	11/03/2018	0	http://www.ncaa.com/game/football/fbs/2018/11/03/boston-college-virginia-tech#boxscore
navy-smu	0	726	09/22/2018	0	http://www.ncaa.com/game/football/fbs/2018/09/22/navy-smu#boxscore
middle-tenn-vanderbilt	0	419	09/01/2018	0	http://www.ncaa.com/game/football/fbs/2018/09/01/middle-tenn-vanderbilt#boxscore
texas-st-utsa	0	670	09/22/2018	0	http://www.ncaa.com/game/football/fbs/2018/09/22/texas-st-utsa#boxscore
michigan-st-maryland	392	0	11/03/2018	0	http://www.ncaa.com/game/football/fbs/2018/11/03/michigan-st-maryland#boxscore
liberty-virginia	0	355	11/10/2018	0	http://www.ncaa.com/game/football/fbs/2018/11/10/liberty-virginia#boxscore
temple-houston	288	0	11/10/2018	0	http://www.ncaa.com/game/football/fbs/2018/11/10/temple-houston#boxscore
east-carolina-cincinnati	140	0	11/23/2018	0	http://www.ncaa.com/game/football/fbs/2018/11/23/east-carolina-cincinnati#boxscore
southeastern-la-lsu	365	0	09/08/2018	0	http://www.ncaa.com/game/football/fbs/2018/09/08/southeastern-la-lsu#boxscore
auburn-georgia	257	0	11/10/2018	0	http://www.ncaa.com/game/football/fbs/2018/11/10/auburn-georgia#boxscore
liberty-massachusetts	0	355	11/03/2018	0	http://www.ncaa.com/game/football/fbs/2018/11/03/liberty-massachusetts#boxscore
nc-state-north-carolina	457	0	11/24/2018	0	http://www.ncaa.com/game/football/fbs/2018/11/24/nc-state-north-carolina#boxscore
northern-ill-florida-st	234	0	09/22/2018	0	http://www.ncaa.com/game/football/fbs/2018/09/22/northern-ill-florida-st#boxscore
fiu-western-ky	772	0	10/27/2018	0	http://www.ncaa.com/game/football/fbs/2018/10/27/fiu-western-ky#boxscore
cincinnati-uconn	0	140	09/29/2018	0	http://www.ncaa.com/game/football/fbs/2018/09/29/cincinnati-uconn#boxscore
arizona-st-oregon	529	0	11/17/2018	0	http://www.ncaa.com/game/football/fbs/2018/11/17/arizona-st-oregon#boxscore
georgia-missouri	434	0	09/22/2018	0	http://www.ncaa.com/game/football/fbs/2018/09/22/georgia-missouri#boxscore
smu-michigan	418	0	09/15/2018	0	http://www.ncaa.com/game/football/fbs/2018/09/15/smu-michigan#boxscore
the-citadel-alabama	8	0	11/17/2018	0	http://www.ncaa.com/game/football/fbs/2018/11/17/the-citadel-alabama#boxscore
fresno-st-new-mexico	473	0	10/20/2018	0	http://www.ncaa.com/game/football/fbs/2018/10/20/fresno-st-new-mexico#boxscore
tulane-houston	0	718	11/15/2018	0	http://www.ncaa.com/game/football/fbs/2018/11/15/tulane-houston#boxscore
charlotte-middle-tenn	0	458	10/20/2018	0	http://www.ncaa.com/game/football/fbs/2018/10/20/charlotte-middle-tenn#boxscore
charlotte-massachusetts	0	458	09/22/2018	0	http://www.ncaa.com/game/football/fbs/2018/09/22/charlotte-massachusetts#boxscore
colorado-colorado-st	0	156	08/31/2018	1	http://www.ncaa.com/game/football/fbs/2018/08/31/colorado-colorado-st#boxscore
illinois-northwestern	509	0	11/24/2018	0	http://www.ncaa.com/game/football/fbs/2018/11/24/illinois-northwestern#boxscore
alcorn-new-mexico-st	472	0	11/03/2018	0	http://www.ncaa.com/game/football/fbs/2018/11/03/alcorn-new-mexico-st#boxscore
ole-miss-texas-tech	0	433	09/01/2018	1	http://www.ncaa.com/game/football/fbs/2018/09/01/ole-miss-texas-tech#boxscore
penn-st-pittsburgh	545	0	09/08/2018	0	http://www.ncaa.com/game/football/fbs/2018/09/08/penn-st-pittsburgh#boxscore
texas-oklahoma	0	522	12/01/2018	1	http://www.ncaa.com/game/football/fbs/2018/12/01/texas-oklahoma#boxscore
tcu-baylor	51	0	11/17/2018	0	http://www.ncaa.com/game/football/fbs/2018/11/17/tcu-baylor#boxscore
texas-tech-oklahoma-st	521	0	09/22/2018	0	http://www.ncaa.com/game/football/fbs/2018/09/22/texas-tech-oklahoma-st#boxscore
wyoming-new-mexico	473	0	11/24/2018	0	http://www.ncaa.com/game/football/fbs/2018/11/24/wyoming-new-mexico#boxscore
iowa-penn-st	0	312	10/27/2018	0	http://www.ncaa.com/game/football/fbs/2018/10/27/iowa-penn-st#boxscore
stanford-california	107	0	12/01/2018	0	http://www.ncaa.com/game/football/fbs/2018/12/01/stanford-california#boxscore
west-virginia-texas	703	0	11/03/2018	0	http://www.ncaa.com/game/football/fbs/2018/11/03/west-virginia-texas#boxscore
kentucky-tennessee	0	334	11/10/2018	0	http://www.ncaa.com/game/football/fbs/2018/11/10/kentucky-tennessee#boxscore
new-mexico-unlv	0	473	10/06/2018	0	http://www.ncaa.com/game/football/fbs/2018/10/06/new-mexico-unlv#boxscore
michigan-rutgers	587	0	11/10/2018	0	http://www.ncaa.com/game/football/fbs/2018/11/10/michigan-rutgers#boxscore
unlv-san-diego-st	0	465	11/10/2018	0	http://www.ncaa.com/game/football/fbs/2018/11/10/unlv-san-diego-st#boxscore
southeastern-la-la-monroe	498	0	08/30/2018	0	http://www.ncaa.com/game/football/fbs/2018/08/30/southeastern-la-la-monroe#boxscore
colorado-st-boise-st	0	156	10/19/2018	0	http://www.ncaa.com/game/football/fbs/2018/10/19/colorado-st-boise-st#boxscore
nevada-san-jose-st	0	466	11/17/2018	0	http://www.ncaa.com/game/football/fbs/2018/11/17/nevada-san-jose-st#boxscore
buffalo-ohio	519	0	11/14/2018	0	http://www.ncaa.com/game/football/fbs/2018/11/14/buffalo-ohio#boxscore
texas-southern-houston	288	0	09/22/2018	0	http://www.ncaa.com/game/football/fbs/2018/09/22/texas-southern-houston#boxscore
alabama-st-auburn	37	0	09/08/2018	0	http://www.ncaa.com/game/football/fbs/2018/09/08/alabama-st-auburn#boxscore
kentucky-missouri	434	0	10/27/2018	0	http://www.ncaa.com/game/football/fbs/2018/10/27/kentucky-missouri#boxscore
western-ky-fla-atlantic	0	772	11/10/2018	0	http://www.ncaa.com/game/football/fbs/2018/11/10/western-ky-fla-atlantic#boxscore
tennessee-south-carolina	648	0	10/27/2018	0	http://www.ncaa.com/game/football/fbs/2018/10/27/tennessee-south-carolina#boxscore
texas-am-south-carolina	648	0	10/13/2018	0	http://www.ncaa.com/game/football/fbs/2018/10/13/texas-am-south-carolina#boxscore
boston-college-wake-forest	749	0	09/13/2018	0	http://www.ncaa.com/game/football/fbs/2018/09/13/boston-college-wake-forest#boxscore
la-monroe-south-alabama	646	0	11/10/2018	0	http://www.ncaa.com/game/football/fbs/2018/11/10/la-monroe-south-alabama#boxscore
liberty-army-west-point	0	355	09/08/2018	0	http://www.ncaa.com/game/football/fbs/2018/09/08/liberty-army-west-point#boxscore
stony-brook-air-force	721	0	09/01/2018	0	http://www.ncaa.com/game/football/fbs/2018/09/01/stony-brook-air-force#boxscore
north-dakota-washington	756	0	09/08/2018	0	http://www.ncaa.com/game/football/fbs/2018/09/08/north-dakota-washington#boxscore
baylor-iowa-st	311	0	11/10/2018	0	http://www.ncaa.com/game/football/fbs/2018/11/10/baylor-iowa-st#boxscore
murray-st-kentucky	334	0	09/15/2018	0	http://www.ncaa.com/game/football/fbs/2018/09/15/murray-st-kentucky#boxscore
eastern-wash-washington-st	754	0	09/15/2018	0	http://www.ncaa.com/game/football/fbs/2018/09/15/eastern-wash-washington-st#boxscore
kansas-st-tcu	0	327	11/03/2018	0	http://www.ncaa.com/game/football/fbs/2018/11/03/kansas-st-tcu#boxscore
arkansas-st-louisiana	0	30	10/27/2018	0	http://www.ncaa.com/game/football/fbs/2018/10/27/arkansas-st-louisiana#boxscore
boston-college-purdue	559	0	09/22/2018	0	http://www.ncaa.com/game/football/fbs/2018/09/22/boston-college-purdue#boxscore
samford-florida-st	234	0	09/08/2018	0	http://www.ncaa.com/game/football/fbs/2018/09/08/samford-florida-st#boxscore
coastal-caro-troy	0	149	09/29/2018	0	http://www.ncaa.com/game/football/fbs/2018/09/29/coastal-caro-troy#boxscore
uconn-syracuse	688	0	09/22/2018	0	http://www.ncaa.com/game/football/fbs/2018/09/22/uconn-syracuse#boxscore
uc-davis-stanford	674	0	09/15/2018	0	http://www.ncaa.com/game/football/fbs/2018/09/15/uc-davis-stanford#boxscore
central-conn-st-ball-st	47	0	08/30/2018	0	http://www.ncaa.com/game/football/fbs/2018/08/30/central-conn-st-ball-st#boxscore
fresno-st-nevada	0	96	10/06/2018	0	http://www.ncaa.com/game/football/fbs/2018/10/06/fresno-st-nevada#boxscore
georgia-st-memphis	0	254	09/14/2018	0	http://www.ncaa.com/game/football/fbs/2018/09/14/georgia-st-memphis#boxscore
pittsburgh-north-carolina	0	545	09/22/2018	0	http://www.ncaa.com/game/football/fbs/2018/09/22/pittsburgh-north-carolina#boxscore
vanderbilt-missouri	434	0	11/10/2018	0	http://www.ncaa.com/game/football/fbs/2018/11/10/vanderbilt-missouri#boxscore
new-mexico-utah-st	0	473	10/27/2018	0	http://www.ncaa.com/game/football/fbs/2018/10/27/new-mexico-utah-st#boxscore
air-force-fla-atlantic	0	721	09/08/2018	0	http://www.ncaa.com/game/football/fbs/2018/09/08/air-force-fla-atlantic#boxscore
tulsa-memphis	0	719	11/10/2018	0	http://www.ncaa.com/game/football/fbs/2018/11/10/tulsa-memphis#boxscore
uconn-south-fla	0	164	10/20/2018	0	http://www.ncaa.com/game/football/fbs/2018/10/20/uconn-south-fla#boxscore
eastern-mich-buffalo	0	204	09/15/2018	0	http://www.ncaa.com/game/football/fbs/2018/09/15/eastern-mich-buffalo#boxscore
south-alabama-appalachian-st	0	646	09/29/2018	0	http://www.ncaa.com/game/football/fbs/2018/09/29/south-alabama-appalachian-st#boxscore
norfolk-st-liberty	355	0	12/01/2018	0	http://www.ncaa.com/game/football/fbs/2018/12/01/norfolk-st-liberty#boxscore
buffalo-bowling-green	71	0	11/23/2018	0	http://www.ncaa.com/game/football/fbs/2018/11/23/buffalo-bowling-green#boxscore
texas-st-georgia-st	254	0	11/03/2018	0	http://www.ncaa.com/game/football/fbs/2018/11/03/texas-st-georgia-st#boxscore
central-mich-akron	5	0	10/27/2018	0	http://www.ncaa.com/game/football/fbs/2018/10/27/central-mich-akron#boxscore
east-carolina-south-fla	0	196	09/22/2018	0	http://www.ncaa.com/game/football/fbs/2018/09/22/east-carolina-south-fla#boxscore
uconn-memphis	0	164	10/06/2018	0	http://www.ncaa.com/game/football/fbs/2018/10/06/uconn-memphis#boxscore
louisville-virginia	746	0	09/22/2018	0	http://www.ncaa.com/game/football/fbs/2018/09/22/louisville-virginia#boxscore
lsu-arkansas	31	0	11/10/2018	0	http://www.ncaa.com/game/football/fbs/2018/11/10/lsu-arkansas#boxscore
air-force-wyoming	0	721	11/17/2018	0	http://www.ncaa.com/game/football/fbs/2018/11/17/air-force-wyoming#boxscore
clemson-florida-st	0	147	10/27/2018	0	http://www.ncaa.com/game/football/fbs/2018/10/27/clemson-florida-st#boxscore
temple-ucf	128	0	11/01/2018	0	http://www.ncaa.com/game/football/fbs/2018/11/01/temple-ucf#boxscore
air-force-army-west-point	0	721	11/03/2018	0	http://www.ncaa.com/game/football/fbs/2018/11/03/air-force-army-west-point#boxscore
nc-central-duke	193	0	09/22/2018	0	http://www.ncaa.com/game/football/fbs/2018/09/22/nc-central-duke#boxscore
charlotte-uab	9	0	09/29/2018	0	http://www.ncaa.com/game/football/fbs/2018/09/29/charlotte-uab#boxscore
fiu-old-dominion	0	231	09/08/2018	0	http://www.ncaa.com/game/football/fbs/2018/09/08/fiu-old-dominion#boxscore
tennessee-georgia	257	0	09/29/2018	0	http://www.ncaa.com/game/football/fbs/2018/09/29/tennessee-georgia#boxscore
wisconsin-iowa	0	796	09/22/2018	0	http://www.ncaa.com/game/football/fbs/2018/09/22/wisconsin-iowa#boxscore
northern-ariz-utep	704	0	09/01/2018	0	http://www.ncaa.com/game/football/fbs/2018/09/01/northern-ariz-utep#boxscore
kansas-baylor	0	328	09/22/2018	0	http://www.ncaa.com/game/football/fbs/2018/09/22/kansas-baylor#boxscore
virginia-nc-state	0	746	09/29/2018	0	http://www.ncaa.com/game/football/fbs/2018/09/29/virginia-nc-state#boxscore
southern-utah-arizona	29	0	09/15/2018	0	http://www.ncaa.com/game/football/fbs/2018/09/15/southern-utah-arizona#boxscore
navy-tulane	0	726	11/24/2018	0	http://www.ncaa.com/game/football/fbs/2018/11/24/navy-tulane#boxscore
florida-tennessee	0	235	09/22/2018	0	http://www.ncaa.com/game/football/fbs/2018/09/22/florida-tennessee#boxscore
tcu-smu	0	698	09/07/2018	0	http://www.ncaa.com/game/football/fbs/2018/09/07/tcu-smu#boxscore
gardner-webb-appalachian-st	27	0	09/22/2018	0	http://www.ncaa.com/game/football/fbs/2018/09/22/gardner-webb-appalachian-st#boxscore
wyoming-colorado-st	156	0	10/26/2018	0	http://www.ncaa.com/game/football/fbs/2018/10/26/wyoming-colorado-st#boxscore
south-fla-tulsa	0	651	10/12/2018	0	http://www.ncaa.com/game/football/fbs/2018/10/12/south-fla-tulsa#boxscore
purdue-illinois	0	559	10/13/2018	0	http://www.ncaa.com/game/football/fbs/2018/10/13/purdue-illinois#boxscore
troy-liberty	355	0	10/13/2018	0	http://www.ncaa.com/game/football/fbs/2018/10/13/troy-liberty#boxscore
boise-st-wyoming	811	0	09/29/2018	0	http://www.ncaa.com/game/football/fbs/2018/09/29/boise-st-wyoming#boxscore
mississippi-st-alabama	0	430	11/10/2018	0	http://www.ncaa.com/game/football/fbs/2018/11/10/mississippi-st-alabama#boxscore
ga-southern-coastal-caro	149	0	11/17/2018	0	http://www.ncaa.com/game/football/fbs/2018/11/17/ga-southern-coastal-caro#boxscore
army-west-point-oklahoma	0	725	09/22/2018	0	http://www.ncaa.com/game/football/fbs/2018/09/22/army-west-point-oklahoma#boxscore
utsa-uab	9	0	11/03/2018	0	http://www.ncaa.com/game/football/fbs/2018/11/03/utsa-uab#boxscore
south-alabama-oklahoma-st	0	646	09/08/2018	0	http://www.ncaa.com/game/football/fbs/2018/09/08/south-alabama-oklahoma-st#boxscore
utep-tennessee	0	704	09/15/2018	0	http://www.ncaa.com/game/football/fbs/2018/09/15/utep-tennessee#boxscore
western-ill-illinois	301	0	09/08/2018	0	http://www.ncaa.com/game/football/fbs/2018/09/08/western-ill-illinois#boxscore
syracuse-clemson	0	688	09/29/2018	0	http://www.ncaa.com/game/football/fbs/2018/09/29/syracuse-clemson#boxscore
northwestern-rutgers	0	509	10/20/2018	0	http://www.ncaa.com/game/football/fbs/2018/10/20/northwestern-rutgers#boxscore
south-carolina-ole-miss	433	0	11/03/2018	0	http://www.ncaa.com/game/football/fbs/2018/11/03/south-carolina-ole-miss#boxscore
houston-memphis	404	0	11/23/2018	0	http://www.ncaa.com/game/football/fbs/2018/11/23/houston-memphis#boxscore
syracuse-wake-forest	0	688	11/03/2018	0	http://www.ncaa.com/game/football/fbs/2018/11/03/syracuse-wake-forest#boxscore
portland-st-nevada	466	0	08/31/2018	0	http://www.ncaa.com/game/football/fbs/2018/08/31/portland-st-nevada#boxscore
texas-texas-tech	0	703	11/10/2018	0	http://www.ncaa.com/game/football/fbs/2018/11/10/texas-texas-tech#boxscore
california-oregon-st	0	107	10/20/2018	0	http://www.ncaa.com/game/football/fbs/2018/10/20/california-oregon-st#boxscore
baylor-west-virginia	0	51	10/25/2018	0	http://www.ncaa.com/game/football/fbs/2018/10/25/baylor-west-virginia#boxscore
ucf-south-fla	0	128	11/23/2018	0	http://www.ncaa.com/game/football/fbs/2018/11/23/ucf-south-fla#boxscore
louisiana-texas-st	0	671	10/06/2018	0	http://www.ncaa.com/game/football/fbs/2018/10/06/louisiana-texas-st#boxscore
ohio-st-purdue	559	0	10/20/2018	0	http://www.ncaa.com/game/football/fbs/2018/10/20/ohio-st-purdue#boxscore
lafayette-army-west-point	725	0	11/10/2018	0	http://www.ncaa.com/game/football/fbs/2018/11/10/lafayette-army-west-point#boxscore
colgate-army-west-point	725	0	11/17/2018	0	http://www.ncaa.com/game/football/fbs/2018/11/17/colgate-army-west-point#boxscore
georgia-lsu	0	257	10/13/2018	0	http://www.ncaa.com/game/football/fbs/2018/10/13/georgia-lsu#boxscore
richmond-virginia	746	0	09/01/2018	0	http://www.ncaa.com/game/football/fbs/2018/09/01/richmond-virginia#boxscore
pittsburgh-notre-dame	0	545	10/13/2018	0	http://www.ncaa.com/game/football/fbs/2018/10/13/pittsburgh-notre-dame#boxscore
lamar-university-texas-tech	700	0	09/08/2018	0	http://www.ncaa.com/game/football/fbs/2018/09/08/lamar-university-texas-tech#boxscore
fresno-st-ucla	0	96	09/15/2018	0	http://www.ncaa.com/game/football/fbs/2018/09/15/fresno-st-ucla#boxscore
florida-st-miami-fl	0	234	10/06/2018	0	http://www.ncaa.com/game/football/fbs/2018/10/06/florida-st-miami-fl#boxscore
savannah-st-miami-fl	415	0	09/08/2018	0	http://www.ncaa.com/game/football/fbs/2018/09/08/savannah-st-miami-fl#boxscore
wyoming-hawaii	0	811	10/06/2018	0	http://www.ncaa.com/game/football/fbs/2018/10/06/wyoming-hawaii#boxscore
auburn-ole-miss	433	0	10/20/2018	0	http://www.ncaa.com/game/football/fbs/2018/10/20/auburn-ole-miss#boxscore
baylor-utsa	0	51	09/08/2018	0	http://www.ncaa.com/game/football/fbs/2018/09/08/baylor-utsa#boxscore
bowling-green-ohio	0	71	10/20/2018	0	http://www.ncaa.com/game/football/fbs/2018/10/20/bowling-green-ohio#boxscore
fla-atlantic-north-texas	0	229	11/15/2018	0	http://www.ncaa.com/game/football/fbs/2018/11/15/fla-atlantic-north-texas#boxscore
wyoming-new-mexico-st	472	0	08/25/2018	0	http://www.ncaa.com/game/football/fbs/2018/08/25/wyoming-new-mexico-st#boxscore
central-mich-kentucky	334	0	09/01/2018	0	http://www.ncaa.com/game/football/fbs/2018/09/01/central-mich-kentucky#boxscore
miami-oh-northern-ill	503	0	11/14/2018	0	http://www.ncaa.com/game/football/fbs/2018/11/14/miami-oh-northern-ill#boxscore
eastern-ky-marshall	388	0	09/08/2018	0	http://www.ncaa.com/game/football/fbs/2018/09/08/eastern-ky-marshall#boxscore
oregon-washington-st	754	0	10/20/2018	0	http://www.ncaa.com/game/football/fbs/2018/10/20/oregon-washington-st#boxscore
stanford-oregon	529	0	09/22/2018	0	http://www.ncaa.com/game/football/fbs/2018/09/22/stanford-oregon#boxscore
ball-st-toledo	0	47	10/31/2018	0	http://www.ncaa.com/game/football/fbs/2018/10/31/ball-st-toledo#boxscore
duke-clemson	147	0	11/17/2018	0	http://www.ncaa.com/game/football/fbs/2018/11/17/duke-clemson#boxscore
fla-atlantic-fiu	231	0	11/03/2018	0	http://www.ncaa.com/game/football/fbs/2018/11/03/fla-atlantic-fiu#boxscore
indiana-st-louisville	367	0	09/08/2018	0	http://www.ncaa.com/game/football/fbs/2018/09/08/indiana-st-louisville#boxscore
indiana-ohio-st	518	0	10/06/2018	0	http://www.ncaa.com/game/football/fbs/2018/10/06/indiana-ohio-st#boxscore
utah-st-wyoming	811	0	10/20/2018	0	http://www.ncaa.com/game/football/fbs/2018/10/20/utah-st-wyoming#boxscore
missouri-purdue	0	434	09/15/2018	0	http://www.ncaa.com/game/football/fbs/2018/09/15/missouri-purdue#boxscore
north-carolina-california	0	457	09/01/2018	0	http://www.ncaa.com/game/football/fbs/2018/09/01/north-carolina-california#boxscore
eastern-mich-ball-st	0	204	10/20/2018	0	http://www.ncaa.com/game/football/fbs/2018/10/20/eastern-mich-ball-st#boxscore
navy-air-force	721	0	10/06/2018	0	http://www.ncaa.com/game/football/fbs/2018/10/06/navy-air-force#boxscore
louisiana-la-monroe	0	671	11/24/2018	0	http://www.ncaa.com/game/football/fbs/2018/11/24/louisiana-la-monroe#boxscore
holy-cross-boston-college	67	0	09/08/2018	0	http://www.ncaa.com/game/football/fbs/2018/09/08/holy-cross-boston-college#boxscore
georgia-tech-georgia	0	255	11/24/2018	0	http://www.ncaa.com/game/football/fbs/2018/11/24/georgia-tech-georgia#boxscore
rhode-island-uconn	164	0	09/15/2018	0	http://www.ncaa.com/game/football/fbs/2018/09/15/rhode-island-uconn#boxscore
san-jose-st-san-diego-st	0	630	10/20/2018	0	http://www.ncaa.com/game/football/fbs/2018/10/20/san-jose-st-san-diego-st#boxscore
georgia-tech-north-carolina	0	255	11/03/2018	0	http://www.ncaa.com/game/football/fbs/2018/11/03/georgia-tech-north-carolina#boxscore
nc-state-louisville	367	0	11/17/2018	0	http://www.ncaa.com/game/football/fbs/2018/11/17/nc-state-louisville#boxscore
rutgers-michigan-st	0	587	11/24/2018	0	http://www.ncaa.com/game/football/fbs/2018/11/24/rutgers-michigan-st#boxscore
new-mexico-st-utah-st	0	472	09/08/2018	0	http://www.ncaa.com/game/football/fbs/2018/09/08/new-mexico-st-utah-st#boxscore
troy-south-alabama	646	0	10/23/2018	0	http://www.ncaa.com/game/football/fbs/2018/10/23/troy-south-alabama#boxscore
tulane-south-fla	651	0	11/03/2018	0	http://www.ncaa.com/game/football/fbs/2018/11/03/tulane-south-fla#boxscore
virginia-tech-old-dominion	0	742	09/22/2018	0	http://www.ncaa.com/game/football/fbs/2018/09/22/virginia-tech-old-dominion#boxscore
marshall-southern-miss	0	388	11/03/2018	0	http://www.ncaa.com/game/football/fbs/2018/11/03/marshall-southern-miss#boxscore
liberty-auburn	0	355	11/17/2018	0	http://www.ncaa.com/game/football/fbs/2018/11/17/liberty-auburn#boxscore
louisiana-tech-north-texas	0	366	09/29/2018	0	http://www.ncaa.com/game/football/fbs/2018/09/29/louisiana-tech-north-texas#boxscore
southern-u-tcu	698	0	09/01/2018	0	http://www.ncaa.com/game/football/fbs/2018/09/01/southern-u-tcu#boxscore
wyoming-fresno-st	96	0	10/13/2018	0	http://www.ncaa.com/game/football/fbs/2018/10/13/wyoming-fresno-st#boxscore
rutgers-kansas	328	0	09/15/2018	0	http://www.ncaa.com/game/football/fbs/2018/09/15/rutgers-kansas#boxscore
ucla-california	107	0	10/13/2018	0	http://www.ncaa.com/game/football/fbs/2018/10/13/ucla-california#boxscore
utep-unlv	465	0	09/08/2018	0	http://www.ncaa.com/game/football/fbs/2018/09/08/utep-unlv#boxscore
unlv-hawaii	0	465	11/17/2018	0	http://www.ncaa.com/game/football/fbs/2018/11/17/unlv-hawaii#boxscore
eastern-mich-purdue	0	204	09/08/2018	0	http://www.ncaa.com/game/football/fbs/2018/09/08/eastern-mich-purdue#boxscore
texas-kansas-st	327	0	09/29/2018	0	http://www.ncaa.com/game/football/fbs/2018/09/29/texas-kansas-st#boxscore
michigan-northwestern	509	0	09/29/2018	0	http://www.ncaa.com/game/football/fbs/2018/09/29/michigan-northwestern#boxscore
san-diego-st-nevada	466	0	10/27/2018	0	http://www.ncaa.com/game/football/fbs/2018/10/27/san-diego-st-nevada#boxscore
houston-east-carolina	196	0	10/13/2018	0	http://www.ncaa.com/game/football/fbs/2018/10/13/houston-east-carolina#boxscore
louisiana-troy	0	671	11/03/2018	0	http://www.ncaa.com/game/football/fbs/2018/11/03/louisiana-troy#boxscore
iowa-minnesota	428	0	10/06/2018	0	http://www.ncaa.com/game/football/fbs/2018/10/06/iowa-minnesota#boxscore
ut-martin-middle-tenn	419	0	09/08/2018	0	http://www.ncaa.com/game/football/fbs/2018/09/08/ut-martin-middle-tenn#boxscore
ohio-st-michigan-st	0	518	11/10/2018	0	http://www.ncaa.com/game/football/fbs/2018/11/10/ohio-st-michigan-st#boxscore
wagner-syracuse	688	0	09/08/2018	0	http://www.ncaa.com/game/football/fbs/2018/09/08/wagner-syracuse#boxscore
vanderbilt-kentucky	334	0	10/20/2018	0	http://www.ncaa.com/game/football/fbs/2018/10/20/vanderbilt-kentucky#boxscore
hawaii-san-diego-st	626	0	11/24/2018	0	http://www.ncaa.com/game/football/fbs/2018/11/24/hawaii-san-diego-st#boxscore
duquesne-massachusetts	400	0	08/25/2018	0	http://www.ncaa.com/game/football/fbs/2018/08/25/duquesne-massachusetts#boxscore
southern-california-texas	0	657	09/15/2018	0	http://www.ncaa.com/game/football/fbs/2018/09/15/southern-california-texas#boxscore
miami-fl-virginia-tech	742	0	11/17/2018	0	http://www.ncaa.com/game/football/fbs/2018/11/17/miami-fl-virginia-tech#boxscore
appalachian-st-texas-st	670	0	11/10/2018	0	http://www.ncaa.com/game/football/fbs/2018/11/10/appalachian-st-texas-st#boxscore
uab-utep	0	9	10/27/2018	0	http://www.ncaa.com/game/football/fbs/2018/10/27/uab-utep#boxscore
north-texas-arkansas	31	0	09/15/2018	0	http://www.ncaa.com/game/football/fbs/2018/09/15/north-texas-arkansas#boxscore
charlotte-fla-atlantic	229	0	11/24/2018	0	http://www.ncaa.com/game/football/fbs/2018/11/24/charlotte-fla-atlantic#boxscore
wake-forest-louisville	0	749	10/27/2018	0	http://www.ncaa.com/game/football/fbs/2018/10/27/wake-forest-louisville#boxscore
new-mexico-st-texas-st	0	472	10/27/2018	0	http://www.ncaa.com/game/football/fbs/2018/10/27/new-mexico-st-texas-st#boxscore
bethune-cookman-nebraska	463	0	10/27/2018	0	http://www.ncaa.com/game/football/fbs/2018/10/27/bethune-cookman-nebraska#boxscore
charleston-so-florida	235	0	09/01/2018	0	http://www.ncaa.com/game/football/fbs/2018/09/01/charleston-so-florida#boxscore
san-diego-st-stanford	0	626	08/31/2018	0	http://www.ncaa.com/game/football/fbs/2018/08/31/san-diego-st-stanford#boxscore
uni-iowa	312	0	09/15/2018	0	http://www.ncaa.com/game/football/fbs/2018/09/15/uni-iowa#boxscore
oregon-california	107	0	09/29/2018	0	http://www.ncaa.com/game/football/fbs/2018/09/29/oregon-california#boxscore
utah-st-byu	77	0	10/05/2018	0	http://www.ncaa.com/game/football/fbs/2018/10/05/utah-st-byu#boxscore
la-monroe-coastal-caro	149	0	10/13/2018	0	http://www.ncaa.com/game/football/fbs/2018/10/13/la-monroe-coastal-caro#boxscore
western-mich-central-mich	0	774	10/20/2018	0	http://www.ncaa.com/game/football/fbs/2018/10/20/western-mich-central-mich#boxscore
ga-southern-la-monroe	0	253	11/03/2018	0	http://www.ncaa.com/game/football/fbs/2018/11/03/ga-southern-la-monroe#boxscore
ohio-st-penn-st	0	518	09/29/2018	0	http://www.ncaa.com/game/football/fbs/2018/09/29/ohio-st-penn-st#boxscore
mississippi-st-lsu	0	430	10/20/2018	0	http://www.ncaa.com/game/football/fbs/2018/10/20/mississippi-st-lsu#boxscore
indiana-fiu	231	0	09/01/2018	0	http://www.ncaa.com/game/football/fbs/2018/09/01/indiana-fiu#boxscore
